txHit	strand	alncount
NA	-	1772431
NA	+	929630
4146	+	71159
6337	+	67556
235	+	65687
5576	+	63091
4643	+	62846
3385	+	62709
4640	+	62144
4157	+	61882
3383	+	61485
2253	+	61298
1087	+	58289
6161	+	58189
6382	+	57956
5714	+	56277
1060	+	55591
4352	-	50126
182	+	48393
6225	+	44694
3915	-	40298
190	+	39025
20	+	37266
4627	+	37085
4392	-	34822
2518	-	33967
4311	-	32977
4050	+	31311
6507	-	30651
933	+	27786
5575	+	27778
3384	+	27227
1086	+	27190
6160	+	27024
2252	+	26825
5668	+	26825
4163	+	25887
4145	+	25858
3382	+	25850
4642	+	25811
6673	+	25317
2821	+	24182
5898	-	23767
39	+	23333
1059	+	23163
4341	-	22990
5262	+	22910
4639	+	22536
6374	+	22372
4300	-	22323
2191	+	21561
4772	+	21399
4115	+	21345
3874	-	20755
5713	+	20685
2360	+	20540
6381	+	20429
1605	-	20203
189	+	19962
5923	-	19670
2620	-	18924
4100	+	18902
132	+	18807
1653	+	18617
3440	+	18432
3068	+	18380
5505	-	18128
181	+	17920
3675	+	17688
2426	-	17585
6261	+	17549
274	+	17170
4493	-	17082
166	+	17013
3630	-	16877
3284	+	16599
926	+	16085
2181	+	15879
3806	+	15732
2100	+	15635
5563	+	15592
1099	+	15461
5708	+	15164
1732	+	15139
6309	+	14994
3482	-	14968
408	-	14634
5189	+	14580
779	+	14571
458	-	14475
6213	+	14418
2336	+	14405
5480	-	14399
2871	-	14247
1987	+	14201
3003	-	14181
1624	+	14153
6311	+	14040
5176	+	13980
4532	-	13732
4205	+	13711
6639	-	13520
5357	-	13470
6542	-	13345
103	-	13239
606	+	12740
5049	-	12610
3515	-	12457
4943	-	12443
914	+	12421
1459	-	12413
1928	-	12323
1911	-	12247
4495	-	12218
276	+	12138
5825	+	12079
2337	+	11930
5458	-	11924
4421	-	11777
2205	+	11570
4947	-	11562
1006	+	11512
361	-	11495
3731	+	11289
4999	-	11181
2372	+	11173
4909	-	11143
1035	+	11046
4061	+	10822
6624	-	10802
3021	+	10672
6174	+	10531
4673	+	10507
2541	-	10504
5795	+	10501
2993	-	10494
4249	+	10483
5045	-	10472
5466	-	10460
3920	-	10409
5823	+	10392
2290	+	10267
5572	+	10254
730	-	10048
6516	-	10031
188	+	10030
2170	+	10028
2827	+	10019
5609	+	9946
3677	+	9942
1847	-	9917
1373	-	9885
859	+	9862
618	+	9854
487	-	9773
800	+	9745
5110	+	9587
107	-	9568
2591	-	9549
1243	-	9546
514	-	9451
797	+	9404
197	+	9360
4576	-	9347
6101	-	9343
1746	+	9304
4841	+	9270
127	+	9178
1281	-	9100
521	-	9098
1773	+	9090
1764	+	9088
481	-	9076
4344	-	9056
4132	+	9049
205	+	8998
6596	-	8998
2646	-	8994
22	+	8859
2597	-	8802
1432	-	8757
858	+	8738
2307	+	8651
184	+	8595
1407	-	8564
4674	+	8563
1138	+	8513
6645	-	8442
3269	+	8424
6610	-	8401
2675	-	8334
2933	-	8300
2599	-	8284
6243	+	8276
454	-	8268
2035	-	8255
5438	-	8237
3648	-	8200
900	+	8129
6099	-	8114
417	-	8092
3276	+	8032
3057	+	8019
1242	-	8012
1894	-	8010
6170	+	7975
5033	-	7949
2717	+	7862
6383	+	7817
1347	-	7734
1968	+	7701
4203	+	7695
1713	+	7616
6428	-	7580
2310	+	7568
448	-	7529
3999	-	7507
908	+	7472
2705	+	7464
3603	-	7401
2661	-	7366
1884	-	7357
1283	-	7334
901	+	7327
2480	-	7255
2296	+	7205
906	+	7186
4390	-	7184
2615	-	7050
4270	+	7042
5453	-	7041
2904	-	6986
4506	-	6936
1509	-	6888
1215	-	6883
6640	-	6841
2105	+	6831
2999	-	6830
2897	-	6828
3797	+	6828
922	+	6825
959	+	6794
4944	-	6785
5224	+	6783
980	+	6777
2672	-	6769
5522	-	6749
827	+	6734
1126	+	6674
3086	+	6663
183	+	6637
3353	+	6633
5464	-	6627
2354	+	6584
2534	-	6581
3588	-	6515
327	+	6509
978	+	6504
2723	+	6500
4500	-	6487
4792	+	6433
5879	-	6421
6178	+	6375
4519	-	6326
2416	-	6323
3584	-	6304
2847	+	6299
682	-	6292
6681	+	6256
553	-	6231
1221	-	6220
3150	-	6209
2330	+	6180
2551	-	6167
4054	+	6129
1912	-	6075
1119	+	6043
2180	+	6023
4263	+	6022
6566	-	6019
4725	+	6015
5358	-	6012
2071	-	6005
885	+	5993
679	-	5951
4422	-	5931
4020	+	5861
5090	-	5841
1235	-	5826
2505	-	5818
2905	-	5811
3510	-	5741
1646	+	5726
1643	+	5692
2448	-	5686
5651	+	5659
2909	-	5627
2818	+	5620
4076	+	5593
3527	-	5592
2438	-	5582
2135	+	5578
3687	+	5571
1860	-	5536
1641	+	5515
1596	-	5491
2517	-	5480
6130	-	5480
6079	-	5464
1843	-	5462
1413	-	5419
1394	-	5361
4055	+	5304
1238	-	5297
6316	+	5251
4994	-	5248
3540	-	5203
3662	+	5198
4556	-	5169
5259	+	5165
1268	-	5154
1924	-	5154
6250	+	5147
1797	-	5145
5748	+	5145
364	-	5118
1505	-	5117
4271	+	5112
5497	-	5090
1986	+	5062
2335	+	5053
4700	+	5052
6038	-	5042
6286	+	5040
457	-	5037
6019	-	5032
6134	-	5028
6436	-	5025
5205	+	5019
704	-	5006
4545	-	5004
3344	+	5002
5183	+	4991
218	+	4985
913	+	4963
2832	+	4953
6115	-	4952
3941	-	4943
4777	+	4927
5804	+	4923
3918	-	4898
6047	-	4891
4886	-	4868
2568	-	4865
1858	-	4825
1098	+	4824
894	+	4818
634	+	4817
1587	-	4791
4298	-	4791
2567	-	4781
1442	-	4779
3783	+	4751
1822	-	4749
1738	+	4741
5089	-	4721
5285	+	4712
4217	+	4578
4317	-	4557
1341	-	4539
605	+	4524
4248	+	4521
4362	-	4513
422	-	4497
497	-	4468
2380	+	4463
6228	+	4458
3270	+	4449
686	-	4446
801	+	4437
2258	+	4407
3825	+	4403
4252	+	4398
1686	+	4384
654	+	4376
2286	+	4373
108	-	4357
1521	-	4353
1375	-	4351
3364	+	4341
377	-	4332
1859	-	4327
5726	+	4319
2464	-	4306
5589	+	4298
3004	-	4294
4884	-	4288
216	+	4277
2650	-	4259
381	-	4243
4125	+	4234
1460	-	4186
6367	+	4185
4986	-	4174
6625	-	4174
3681	+	4167
5599	+	4158
228	+	4148
1149	+	4134
1097	+	4102
1586	-	4090
1234	-	4084
3196	-	4078
5963	-	4074
3281	+	4073
2332	+	4067
5550	+	4065
1034	+	4064
5076	-	4061
6615	-	4043
1340	-	4036
2607	-	4035
2950	-	4030
30	+	4024
2162	+	4021
2773	+	4020
4885	-	4019
3329	+	4011
2158	+	4010
2600	-	4007
1983	+	4004
2131	+	4003
1589	-	4002
1016	+	3996
5817	+	3991
2984	-	3982
2542	-	3979
3185	-	3970
3358	+	3960
1929	-	3954
6093	-	3901
1079	+	3892
2508	-	3887
1374	-	3873
4946	-	3862
5946	-	3858
6270	+	3844
6043	-	3843
6066	-	3840
4819	+	3823
3180	-	3820
5814	+	3807
1970	+	3805
5749	+	3805
4948	-	3799
3776	+	3791
3719	+	3777
744	-	3773
4120	+	3772
126	+	3768
354	-	3754
2478	-	3754
1649	+	3744
2027	-	3739
863	+	3738
2462	-	3737
1433	-	3715
1141	+	3702
1671	+	3698
2363	+	3684
6157	+	3679
4649	+	3675
4895	-	3674
34	+	3666
5001	-	3666
5153	+	3658
1335	-	3655
5251	+	3648
257	+	3638
2257	+	3628
1108	+	3623
4810	+	3617
4867	-	3615
5630	+	3608
6251	+	3605
4028	+	3604
3843	-	3596
4731	+	3583
755	-	3579
2306	+	3571
5997	-	3569
4485	-	3563
5444	-	3559
1634	+	3552
6016	-	3549
1339	-	3545
1256	-	3544
866	+	3535
2274	+	3506
6030	-	3506
5824	+	3504
4339	-	3502
4122	+	3500
832	+	3499
2209	+	3497
6614	-	3496
1295	-	3492
3302	+	3490
3438	+	3485
4037	+	3476
6490	-	3465
137	+	3457
1796	-	3457
793	+	3440
2221	+	3427
5468	-	3424
5046	-	3413
1553	-	3382
5060	-	3371
3612	-	3361
4183	+	3358
857	+	3348
943	+	3348
5778	+	3345
92	-	3343
5195	+	3343
5379	-	3339
4579	-	3338
2618	-	3334
5869	-	3324
5598	+	3321
870	+	3316
3824	+	3312
1498	-	3300
2903	-	3294
1439	-	3266
1005	+	3256
5902	-	3252
796	+	3248
3354	+	3247
1802	-	3238
3023	+	3229
4457	-	3221
3499	-	3213
4439	-	3212
2046	-	3210
4052	+	3199
6545	-	3198
3209	-	3197
4613	+	3197
3867	-	3191
3629	-	3184
1904	-	3181
5734	+	3180
3660	+	3172
5187	+	3169
4262	+	3150
394	-	3141
3030	+	3132
845	+	3124
2670	-	3118
5212	+	3118
1007	+	3115
5411	-	3111
2917	-	3107
4131	+	3104
2888	-	3102
5133	+	3090
2112	+	3089
6138	-	3088
1903	-	3076
5096	-	3076
6072	-	3076
477	-	3074
4559	-	3071
169	+	3065
830	+	3063
4475	-	3061
6131	-	3061
5768	+	3060
2110	+	3059
838	+	3056
1425	-	3056
2386	+	3053
1975	+	3049
6580	-	3031
2755	+	3028
5520	-	3025
1294	-	3016
2611	-	3016
3930	-	3012
877	+	3009
1389	-	3005
531	-	3000
2224	+	2998
3576	-	2991
677	-	2987
6168	+	2985
3139	-	2983
2269	+	2979
2744	+	2973
2638	-	2969
6108	-	2969
5242	+	2965
5374	-	2963
18	+	2958
4162	+	2950
722	-	2943
1154	+	2943
2812	+	2940
3370	+	2939
6371	+	2939
5688	+	2932
3676	+	2927
3645	-	2916
882	+	2902
966	+	2902
1015	+	2899
398	-	2895
6654	-	2893
6248	+	2892
2802	+	2889
5933	-	2889
2440	-	2888
5307	+	2887
3542	-	2886
2122	+	2881
2712	+	2870
4964	-	2868
4531	-	2862
4414	-	2860
5642	+	2857
5410	-	2852
87	-	2851
623	+	2849
2327	+	2846
1733	+	2838
1905	-	2836
5450	-	2830
4599	+	2829
1444	-	2813
391	-	2805
5219	+	2805
5718	+	2804
2924	-	2793
2129	+	2787
1106	+	2781
4087	+	2781
2926	-	2779
5838	+	2776
1319	-	2774
1331	-	2769
5365	-	2746
4261	+	2743
823	+	2741
2565	-	2732
4746	+	2721
3561	-	2718
1921	-	2714
1916	-	2709
5992	-	2690
3476	-	2686
476	-	2684
1891	-	2683
2740	+	2676
1510	-	2674
4304	-	2673
1421	-	2670
3570	-	2670
406	-	2662
3228	-	2660
1995	+	2650
4658	+	2650
6444	-	2642
2244	+	2640
2584	-	2640
3613	-	2639
1907	-	2636
4459	-	2624
4735	+	2622
4092	+	2616
247	+	2612
1228	-	2612
509	-	2607
6050	-	2603
1369	-	2602
3199	-	2602
590	+	2600
572	-	2596
851	+	2594
4554	-	2593
1008	+	2585
2836	+	2585
6245	+	2580
1478	-	2575
4920	-	2573
2725	+	2568
1749	+	2564
5240	+	2562
6572	-	2562
3426	+	2558
1863	-	2550
953	+	2549
821	+	2544
5218	+	2544
3738	+	2542
4736	+	2531
2493	-	2529
4797	+	2528
5685	+	2528
1964	+	2519
4713	+	2519
4659	+	2518
4651	+	2512
6420	-	2505
2229	+	2495
2447	-	2491
5415	-	2490
1699	+	2484
4224	+	2475
6221	+	2474
2358	+	2461
6253	+	2455
6060	-	2447
867	+	2445
3899	-	2445
1765	+	2442
3153	-	2439
2945	-	2437
5426	-	2435
2870	-	2434
550	-	2430
2179	+	2425
5043	-	2425
201	+	2424
1499	-	2416
6278	+	2416
2189	+	2414
389	-	2411
460	-	2410
5965	-	2406
413	-	2405
651	+	2405
1935	-	2401
1423	-	2397
5696	+	2394
4618	+	2393
6375	+	2385
6389	+	2385
4605	+	2383
5257	+	2382
3453	+	2381
4201	+	2380
3790	+	2375
6484	-	2375
5352	-	2374
2966	-	2373
2614	-	2371
6328	+	2367
2177	+	2364
6446	-	2358
3159	-	2354
1774	+	2350
1020	+	2348
5086	-	2344
4274	+	2343
924	+	2339
3661	+	2338
5276	+	2330
5703	+	2330
2349	+	2329
6501	-	2322
4522	-	2321
423	-	2315
1742	+	2313
6194	+	2313
5391	-	2305
1739	+	2301
5561	+	2298
5922	-	2293
2840	+	2291
3974	-	2279
6350	+	2279
3169	-	2276
3406	+	2275
5478	-	2271
4454	-	2265
1484	-	2264
698	-	2263
3692	+	2263
2036	-	2259
2625	-	2258
2751	+	2257
5050	-	2254
6051	-	2248
6315	+	2240
1743	+	2238
3950	-	2237
4528	-	2236
3171	-	2235
4837	+	2235
376	-	2233
4208	+	2229
2922	-	2226
5377	-	2226
3317	+	2222
3197	-	2220
6457	-	2215
1590	-	2199
6515	-	2195
861	+	2193
5771	+	2193
94	-	2192
4592	+	2190
495	-	2188
3116	+	2186
5155	+	2185
889	+	2183
667	-	2182
551	-	2180
1805	-	2179
5349	-	2167
128	+	2159
6520	-	2159
6310	+	2157
4721	+	2153
2506	-	2149
1559	-	2142
4135	+	2135
4712	+	2135
4351	-	2134
5532	-	2134
4510	-	2130
6472	-	2130
940	+	2122
5239	+	2122
4027	+	2118
6483	-	2115
4307	-	2113
1105	+	2111
3373	+	2103
5213	+	2101
2491	-	2099
4022	+	2099
2982	-	2098
967	+	2097
4303	-	2097
3710	+	2096
3716	+	2096
4555	-	2091
5565	+	2090
5930	-	2088
2133	+	2086
5237	+	2084
6508	-	2080
3991	-	2079
449	-	2078
4543	-	2076
5184	+	2075
1825	-	2069
990	+	2067
534	-	2063
6535	-	2061
5743	+	2059
669	-	2057
3516	-	2057
4734	+	2056
5604	+	2055
3279	+	2053
4435	-	2052
3686	+	2047
4548	-	2046
2140	+	2041
14	+	2040
2753	+	2038
3580	-	2038
5346	-	2027
4969	-	2022
1747	+	2021
2531	-	2020
836	+	2014
1791	-	2012
2184	+	2005
4855	-	2002
2144	+	1999
6191	+	1998
1673	+	1997
1763	+	1994
2941	-	1993
5177	+	1989
4719	+	1988
4852	-	1986
2453	-	1984
4931	-	1983
1875	-	1982
4470	-	1982
3157	-	1981
316	+	1978
151	+	1975
2078	-	1975
163	+	1972
6461	-	1972
1109	+	1971
1202	-	1971
2163	+	1970
3986	-	1968
416	-	1966
4432	-	1965
4247	+	1964
6074	-	1963
1854	-	1961
3471	-	1961
3647	-	1960
588	+	1956
1682	+	1952
214	+	1951
1722	+	1950
4726	+	1944
318	+	1943
3350	+	1943
1071	+	1941
4940	-	1940
135	+	1939
3140	-	1938
4905	-	1938
1652	+	1936
3742	+	1932
5519	-	1931
3265	+	1928
52	+	1926
3310	+	1926
4254	+	1926
1010	+	1924
1772	+	1918
1801	-	1918
3977	-	1914
2318	+	1910
3575	-	1909
6267	+	1906
911	+	1904
3829	+	1901
2609	-	1899
4661	+	1898
2583	-	1894
3761	+	1891
970	+	1888
1500	-	1884
753	-	1880
89	-	1877
4507	-	1875
3820	+	1874
5256	+	1872
2758	+	1869
3774	+	1869
2085	-	1865
2953	-	1865
2014	+	1862
3685	+	1861
2082	-	1860
3031	+	1859
5829	+	1855
2292	+	1854
2342	+	1853
352	-	1852
5208	+	1852
4825	+	1851
2737	+	1850
3889	-	1849
5632	+	1849
1965	+	1847
6117	-	1845
1650	+	1839
2574	-	1839
1274	-	1837
4164	+	1834
1639	+	1832
1223	-	1831
5796	+	1829
1745	+	1824
4235	+	1824
5353	-	1824
1504	-	1822
1267	-	1816
4318	-	1816
1793	-	1815
5611	+	1815
5446	-	1814
3981	-	1805
1712	+	1804
1462	-	1803
3763	+	1802
973	+	1799
5810	+	1793
674	-	1792
2696	+	1792
2779	+	1791
6171	+	1791
6630	-	1790
1002	+	1786
4071	+	1785
5181	+	1784
5867	-	1784
2281	+	1782
1121	+	1781
3623	-	1781
3573	-	1780
3987	-	1780
5429	-	1779
1710	+	1774
3443	+	1773
3732	+	1770
1011	+	1768
1687	+	1764
5952	-	1763
5223	+	1762
4874	-	1758
6366	+	1757
343	-	1755
5891	-	1755
6622	-	1751
2230	+	1748
1146	+	1746
1371	-	1746
5427	-	1745
3121	+	1744
1064	+	1743
1766	+	1741
3377	+	1741
5255	+	1740
680	-	1739
2726	+	1739
5137	+	1739
2351	+	1738
4487	-	1738
3548	-	1736
2757	+	1735
5494	-	1732
5740	+	1732
1419	-	1731
362	-	1730
5968	-	1730
75	-	1728
474	-	1722
1897	-	1722
5821	+	1720
6603	-	1718
4597	+	1714
5498	-	1714
3600	-	1712
4694	+	1712
6373	+	1709
395	-	1707
2348	+	1700
3271	+	1699
1879	-	1698
1806	-	1697
6634	-	1694
150	+	1693
2216	+	1693
5079	-	1690
5826	+	1690
6089	-	1690
6657	-	1690
1767	+	1689
1645	+	1686
3407	+	1684
4375	-	1680
6190	+	1678
1638	+	1676
5435	-	1674
5890	-	1674
1317	-	1673
5145	+	1673
2579	-	1667
5037	-	1667
4773	+	1665
1489	-	1662
1345	-	1660
1830	-	1660
2285	+	1659
5805	+	1658
1985	+	1657
608	+	1655
3481	-	1655
545	-	1654
6135	-	1654
2972	-	1647
937	+	1646
1718	+	1646
3143	-	1645
6150	+	1644
5305	+	1643
2115	+	1640
2228	+	1638
6340	+	1637
5423	-	1636
2845	+	1635
4324	-	1634
90	-	1632
1280	-	1632
4079	+	1632
1473	-	1631
2912	-	1631
3694	+	1631
2032	-	1630
5280	+	1630
6689	+	1630
3503	-	1629
4376	-	1629
5971	-	1628
6033	-	1627
3342	+	1626
4228	+	1623
6077	-	1623
3735	+	1614
3849	-	1612
5784	+	1611
6594	-	1610
556	-	1608
6281	+	1607
167	+	1606
4989	-	1606
412	-	1603
3278	+	1600
6179	+	1600
6403	+	1597
1080	+	1596
32	+	1595
4636	+	1595
3859	-	1591
5610	+	1590
6427	-	1589
400	-	1588
5472	-	1588
6181	+	1588
4472	-	1585
2799	+	1584
3679	+	1580
4199	+	1580
6434	-	1580
44	+	1574
6158	+	1574
2874	-	1573
6028	-	1572
1852	-	1571
5234	+	1570
5597	+	1568
5762	+	1567
5317	+	1566
4945	-	1564
1563	-	1561
5229	+	1561
5786	+	1560
617	+	1557
2390	+	1555
2774	+	1551
1826	-	1549
3772	+	1549
981	+	1548
1003	+	1548
5667	+	1547
2200	+	1545
5760	+	1543
5932	-	1543
503	-	1542
1101	+	1542
4660	+	1542
472	-	1541
1827	-	1541
5606	+	1540
1533	-	1536
3998	-	1535
5399	-	1535
3038	+	1533
4914	-	1533
2425	-	1531
2900	-	1530
5059	-	1530
440	-	1528
5751	+	1528
713	-	1525
5148	+	1525
696	-	1524
1124	+	1524
6447	-	1523
819	+	1522
3961	-	1519
5320	+	1517
1435	-	1515
5000	-	1515
539	-	1511
784	+	1508
3917	-	1507
213	+	1506
1139	+	1506
4893	-	1505
4378	-	1503
5755	+	1499
350	-	1498
3615	-	1496
2803	+	1495
2050	-	1493
1880	-	1492
5737	+	1492
1145	+	1489
2118	+	1489
1990	+	1488
2884	-	1487
2946	-	1485
4862	-	1485
41	+	1480
2934	-	1479
5577	+	1479
6002	-	1477
5773	+	1476
109	-	1474
1608	-	1473
1725	+	1473
5381	-	1473
2055	-	1471
4369	-	1471
5125	+	1470
1709	+	1469
3665	+	1469
5986	-	1468
4608	+	1466
2956	-	1465
3993	-	1463
5385	-	1463
2344	+	1461
2760	+	1460
3368	+	1459
6182	+	1458
2479	-	1454
4646	+	1454
1569	-	1453
3967	-	1453
3075	+	1451
3418	+	1451
4923	-	1450
6579	-	1448
5697	+	1447
435	-	1444
3266	+	1443
5504	-	1443
6522	-	1443
1077	+	1442
6056	-	1442
2653	-	1439
4553	-	1438
6080	-	1438
2343	+	1437
2494	-	1437
4623	+	1437
945	+	1436
261	+	1434
809	+	1431
1468	-	1430
1997	+	1430
6468	-	1429
1595	-	1428
2844	+	1425
2420	-	1424
3845	-	1422
2098	+	1421
2418	-	1417
3680	+	1417
4955	-	1416
5832	+	1416
2658	-	1415
4051	+	1412
5706	+	1412
6086	-	1411
2492	-	1410
1397	-	1408
975	+	1405
3028	+	1405
4315	-	1402
3146	-	1400
5163	+	1399
6302	+	1399
991	+	1398
5940	-	1398
6333	+	1396
552	-	1394
6355	+	1393
1052	+	1390
1057	+	1390
3033	+	1390
685	-	1389
5440	-	1388
1657	+	1386
2964	-	1386
4456	-	1386
2980	-	1385
2729	+	1384
960	+	1383
4814	+	1380
1219	-	1379
2990	-	1376
3669	+	1376
6058	-	1375
4227	+	1374
4017	+	1372
5467	-	1372
3201	-	1371
1837	-	1370
3489	-	1370
5939	-	1368
3758	+	1367
5455	-	1367
1925	-	1363
2809	+	1363
3736	+	1361
4783	+	1357
2585	-	1356
6342	+	1356
6479	-	1356
977	+	1355
4340	-	1355
3106	+	1354
2073	-	1352
3741	+	1352
2765	+	1351
525	-	1350
1548	-	1350
6295	+	1349
3673	+	1347
136	+	1344
2001	+	1342
6348	+	1342
6518	-	1342
1258	-	1341
3468	-	1338
5868	-	1338
1211	-	1336
4272	+	1335
1366	-	1334
6345	+	1329
6386	+	1329
6575	-	1329
829	+	1328
2916	-	1328
786	+	1326
5972	-	1325
4441	-	1324
149	+	1322
4883	-	1320
6000	-	1319
78	-	1318
2786	+	1318
5906	-	1318
431	-	1317
2324	+	1317
3616	-	1314
3666	+	1314
4243	+	1314
646	+	1313
747	-	1313
2156	+	1313
1488	-	1312
2804	+	1312
3937	-	1312
6206	+	1312
4839	+	1311
1336	-	1310
1365	-	1308
601	+	1307
2019	+	1306
4216	+	1303
4524	-	1302
971	+	1301
1324	-	1297
175	+	1296
5809	+	1296
3538	-	1295
725	-	1294
5171	+	1294
5661	+	1293
5725	+	1291
2075	-	1289
4571	-	1288
3857	-	1287
4237	+	1286
465	-	1283
1372	-	1283
6442	-	1283
10	+	1282
4514	-	1281
1349	-	1280
5878	-	1280
6044	-	1280
6259	+	1279
1540	-	1278
2362	+	1278
6196	+	1278
6156	+	1277
421	-	1276
2516	-	1276
3029	+	1276
1174	+	1275
4333	-	1274
329	+	1273
3581	-	1273
3336	+	1272
3321	+	1268
5736	+	1268
3084	+	1266
4666	+	1265
6127	-	1265
1482	-	1264
191	+	1262
1386	-	1262
5710	+	1262
1756	+	1261
622	+	1259
645	+	1258
1864	-	1258
1190	-	1257
4013	+	1256
6300	+	1255
3944	-	1250
5210	+	1250
5052	-	1249
5382	-	1249
4379	-	1248
5009	-	1248
280	+	1245
3137	-	1245
2841	+	1242
3777	+	1240
5388	-	1240
2419	-	1238
510	-	1236
4200	+	1236
1036	+	1235
3842	-	1235
4024	+	1235
5615	+	1233
2039	-	1232
3289	+	1232
3378	+	1230
1526	-	1229
2271	+	1229
4793	+	1229
1502	-	1224
1518	-	1224
2787	+	1224
3909	-	1224
5023	-	1223
4041	+	1222
6362	+	1222
1893	-	1220
1684	+	1218
6075	-	1218
105	-	1217
5354	-	1217
4137	+	1216
1708	+	1214
2387	+	1214
2991	-	1214
1298	-	1212
6682	+	1212
4066	+	1211
3622	-	1210
4297	-	1209
3990	-	1206
5470	-	1206
633	+	1205
1021	+	1205
1517	-	1205
4325	-	1205
6356	+	1204
5403	-	1203
6453	-	1202
979	+	1201
1992	+	1201
4655	+	1201
5753	+	1201
284	+	1200
3206	-	1200
5474	-	1200
1399	-	1198
6107	-	1198
19	+	1197
3929	-	1197
6494	-	1197
1306	-	1196
731	-	1195
1984	+	1192
5306	+	1192
5593	+	1192
5605	+	1192
3767	+	1191
709	-	1188
791	+	1187
5036	-	1187
3644	-	1185
6129	-	1185
500	-	1184
2161	+	1184
3088	+	1184
3366	+	1182
2283	+	1180
5248	+	1178
6424	-	1178
6558	-	1178
2540	-	1177
4335	-	1177
6536	-	1177
4565	-	1175
3053	+	1174
3702	+	1174
1307	-	1171
2842	+	1171
2507	-	1170
5146	+	1170
3531	-	1169
2754	+	1168
2817	+	1168
4255	+	1167
4396	-	1165
2473	-	1164
3609	-	1164
4857	-	1164
5230	+	1163
4645	+	1162
1982	+	1161
2631	-	1161
159	+	1159
5150	+	1158
5600	+	1158
4784	+	1157
1310	-	1154
1085	+	1153
6223	+	1153
3083	+	1151
683	-	1149
4899	-	1148
3349	+	1147
3175	-	1146
3272	+	1143
373	-	1142
3320	+	1142
2002	+	1141
1991	+	1140
5511	-	1140
5679	+	1139
3903	-	1138
6023	-	1138
6517	-	1137
2199	+	1134
4552	-	1134
170	+	1130
455	-	1129
834	+	1128
3902	-	1127
6169	+	1127
424	-	1123
1581	-	1122
2899	-	1121
619	+	1120
1882	-	1120
3411	+	1120
5026	-	1119
5263	+	1118
812	+	1117
6360	+	1117
256	+	1114
353	-	1114
2045	-	1114
3178	-	1114
3096	+	1112
879	+	1111
5132	+	1111
3522	-	1110
987	+	1108
1266	-	1107
2197	+	1106
3177	-	1106
6188	+	1106
4870	-	1104
1577	-	1102
4990	-	1102
4936	-	1101
5820	+	1100
2692	+	1099
5160	+	1098
1102	+	1097
5158	+	1096
323	+	1095
1051	+	1094
3494	-	1094
6227	+	1094
4924	-	1093
387	-	1090
964	+	1088
1012	+	1088
1741	+	1087
4591	+	1087
1758	+	1086
4652	+	1086
6229	+	1086
4580	-	1085
2676	-	1084
6274	+	1084
3539	-	1083
4256	+	1082
4843	+	1082
5660	+	1081
638	+	1078
1334	-	1078
4126	+	1078
6364	+	1076
1351	-	1074
243	+	1073
6159	+	1073
6378	+	1072
4624	+	1070
2515	-	1069
3203	-	1068
4370	-	1065
4732	+	1065
5196	+	1065
6284	+	1064
383	-	1062
983	+	1062
6249	+	1062
2009	+	1060
5292	+	1060
749	-	1059
3147	-	1059
3703	+	1058
371	-	1057
1886	-	1057
2063	-	1057
3746	+	1057
4690	+	1057
5635	+	1057
1017	+	1055
1440	-	1055
3668	+	1055
3596	-	1054
5324	+	1054
2756	+	1053
4319	-	1053
200	+	1052
2270	+	1052
4156	+	1052
4168	+	1052
4231	+	1052
4617	+	1050
3101	+	1049
1479	-	1048
5323	+	1047
6402	+	1047
4762	+	1046
5689	+	1046
4538	-	1045
1876	-	1044
3913	-	1044
4053	+	1044
4907	-	1044
5106	+	1044
3704	+	1043
3803	+	1041
5803	+	1041
6426	-	1041
5200	+	1040
567	-	1039
1263	-	1037
82	-	1036
4722	+	1036
5178	+	1036
6556	-	1036
5947	-	1035
6582	-	1033
4702	+	1032
5913	-	1031
493	-	1030
1053	+	1028
438	-	1027
6118	-	1027
469	-	1026
2927	-	1026
3436	+	1026
4509	-	1025
12	+	1024
5373	-	1024
3098	+	1023
6676	+	1023
3635	-	1021
1737	+	1020
4153	+	1020
841	+	1019
1096	+	1019
3775	+	1019
6106	-	1019
3512	-	1016
2357	+	1015
2976	-	1014
5401	-	1014
5964	-	1014
6590	-	1014
1245	-	1012
3071	+	1012
427	-	1011
4296	-	1011
3972	-	1010
4042	+	1010
1719	+	1008
3984	-	1008
3611	-	1006
4818	+	1006
4676	+	1005
6112	-	1004
1861	-	1003
2038	-	1003
2876	-	1003
3079	+	1002
5621	+	1002
6611	-	1002
3708	+	1001
1900	-	998
3371	+	998
3488	-	997
1675	+	996
5078	-	996
1668	+	995
4129	+	993
4939	-	993
1195	-	992
2382	+	992
2667	-	992
3560	-	992
3882	-	992
5157	+	992
5342	-	991
401	-	990
456	-	990
5139	+	990
91	-	989
2246	+	989
3340	+	987
490	-	985
1278	-	985
1593	-	985
568	-	983
3294	+	982
5763	+	982
2908	-	981
4520	-	981
5437	-	981
328	+	979
2944	-	978
956	+	977
2942	-	977
1971	+	976
6649	-	976
598	+	974
1350	-	974
4382	-	973
4498	-	973
6152	+	973
3722	+	970
4844	+	969
5719	+	969
2621	-	968
4879	-	968
1529	-	967
4073	+	966
6095	-	966
76	-	965
5984	-	965
1027	+	964
4460	-	964
6440	-	963
3672	+	962
4765	+	962
693	-	959
5876	-	959
273	+	958
2469	-	958
4971	-	958
1405	-	957
3533	-	957
294	+	956
486	-	956
1685	+	955
5069	-	955
2795	+	954
6354	+	954
6551	-	954
3405	+	953
5485	-	953
3759	+	952
5977	-	952
368	-	951
723	-	951
1285	-	951
4648	+	951
2119	+	949
5274	+	948
2031	-	946
2698	+	946
5360	-	946
2222	+	945
4804	+	944
6588	-	944
756	-	943
860	+	943
1477	-	943
2311	+	943
2958	-	940
849	+	939
1512	-	939
1711	+	939
1163	+	938
1329	-	938
5486	-	938
1560	-	937
4901	-	937
5454	-	936
3419	+	935
4371	-	935
5355	-	934
962	+	933
1927	-	933
2762	+	932
1296	-	931
3313	+	929
5901	-	929
3154	-	926
5841	+	926
3852	-	925
6390	+	925
3773	+	924
5469	-	924
1769	+	923
2910	-	923
3880	-	923
1151	+	922
3037	+	921
3821	+	921
6358	+	921
6486	-	920
869	+	917
3896	-	917
5578	+	917
886	+	915
2057	-	915
4856	-	915
5998	-	914
4672	+	913
5245	+	913
5568	+	913
1888	-	912
4058	+	912
5690	+	912
3964	-	911
4342	-	911
4602	+	911
212	+	910
1205	-	910
4634	+	910
5168	+	909
3646	-	908
5081	-	908
2571	-	907
5712	+	907
5780	+	907
1271	-	906
1658	+	906
4139	+	906
4128	+	905
6604	-	905
2528	-	904
3041	+	904
3734	+	904
6198	+	904
1630	+	903
4970	-	903
5935	-	903
2066	-	901
2775	+	901
5356	-	901
4173	+	899
3696	+	897
5569	+	897
2026	-	896
2813	+	896
2727	+	895
3085	+	895
4067	+	895
4309	-	895
4716	+	895
234	+	894
447	-	894
5633	+	894
4863	-	893
6173	+	892
6502	-	892
735	-	891
1072	+	891
390	-	890
543	-	890
5092	-	889
5905	-	889
6387	+	889
732	-	887
1089	+	886
2784	+	885
4882	-	885
441	-	884
1095	+	884
3168	-	884
3711	+	884
624	+	882
1147	+	882
2592	-	882
2069	-	881
2226	+	881
1870	-	879
1511	-	877
3839	-	877
4704	+	877
5129	+	877
6531	-	877
4442	-	876
5554	+	875
5628	+	875
4402	-	874
5303	+	873
2086	-	872
3073	+	872
140	+	871
1792	-	871
2846	+	871
2251	+	870
4806	+	870
780	+	868
4791	+	867
4824	+	867
5907	-	867
6013	-	867
3784	+	866
5649	+	866
3058	+	865
3827	+	864
6276	+	864
1989	+	863
707	-	861
1400	-	861
6235	+	861
1311	-	860
3970	-	860
1483	-	859
3239	-	859
5500	-	859
892	+	858
3162	-	858
3536	-	858
5097	-	858
3526	-	857
5513	-	855
1565	-	853
6331	+	853
1193	-	852
5199	+	852
4930	-	850
5289	+	850
15	+	849
2510	-	849
2770	+	849
1895	-	848
5758	+	848
1627	+	847
3470	-	847
930	+	846
3484	-	846
5321	+	846
3936	-	845
2590	-	844
3077	+	844
6137	-	844
1455	-	843
1458	-	843
3637	-	843
3788	+	843
507	-	841
3633	-	841
671	-	840
407	-	839
2586	-	838
4264	+	838
4861	-	838
5941	-	838
6232	+	838
3997	-	837
6308	+	837
2405	-	836
4494	-	836
346	-	835
2234	+	835
4234	+	835
5015	-	834
4794	+	833
375	-	832
4036	+	832
4733	+	832
4771	+	832
4790	+	832
4866	-	832
4127	+	831
4709	+	831
3545	-	830
4283	+	830
1181	+	829
1200	-	829
2656	-	829
4063	+	829
2397	-	827
2873	-	827
4483	-	827
6053	-	827
2169	+	825
3888	-	825
5174	+	825
842	+	824
1557	-	824
3664	+	824
2145	+	823
2662	-	823
5091	-	823
5170	+	823
252	+	822
308	+	822
2219	+	822
2523	-	822
5794	+	822
1249	-	821
2395	+	821
2887	-	821
258	+	820
3520	-	820
4123	+	820
891	+	819
1962	+	819
3393	+	819
3621	-	819
5911	-	819
1781	+	818
3565	-	818
6606	-	817
1165	+	816
1241	-	816
3982	-	816
4353	-	816
4927	-	816
6204	+	816
420	-	815
2301	+	815
4331	-	815
853	+	814
3900	-	814
4229	+	814
386	-	813
6550	-	813
6120	-	812
459	-	811
5061	-	811
5425	-	811
5627	+	811
850	+	810
2639	-	810
5524	-	809
5855	+	809
5951	-	809
6643	-	809
378	-	808
5361	-	808
93	-	807
720	-	807
982	+	807
1396	-	807
2716	+	807
3819	+	807
4782	+	807
5067	-	807
1934	-	806
2013	+	806
4633	+	806
5421	-	806
3078	+	805
5822	+	803
528	-	802
1362	-	801
2088	-	801
2121	+	801
4015	+	801
3156	-	800
920	+	799
4975	-	799
4750	+	798
6326	+	798
2558	-	794
5553	+	794
6691	+	794
6555	-	793
3493	-	792
3500	-	792
798	+	791
3018	+	791
4337	-	791
4626	+	791
3392	+	790
6046	-	790
3089	+	789
918	+	788
2400	-	788
3638	-	787
4308	-	787
5247	+	787
5686	+	787
211	+	786
2891	-	786
6307	+	786
1760	+	785
1209	-	784
2808	+	784
4529	-	784
6287	+	784
106	-	783
6029	-	783
6068	-	783
2239	+	782
2484	-	782
4903	-	782
5131	+	782
6257	+	782
6422	-	782
5395	-	781
4865	-	779
6100	-	779
2192	+	778
4246	+	778
6319	+	778
2070	-	777
2415	-	776
2186	+	775
5293	+	775
702	-	774
2317	+	773
6027	-	773
3589	-	772
1667	+	771
4403	-	771
3521	-	770
4334	-	770
6184	+	770
1506	-	769
6177	+	768
385	-	767
2807	+	767
3947	-	767
3860	-	766
5350	-	765
1326	-	764
4068	+	764
1580	-	763
4547	-	763
5066	-	763
4710	+	762
5284	+	762
6239	+	762
3273	+	761
4143	+	761
6411	+	761
3066	+	760
2895	-	759
3940	-	759
986	+	758
3618	-	758
4600	+	758
4759	+	758
2183	+	757
2616	-	757
4499	-	757
5670	+	757
4273	+	756
5781	+	756
6476	-	756
403	-	755
4463	-	755
5338	-	755
265	+	754
668	-	754
6597	-	754
2738	+	753
5969	-	753
6612	-	753
508	-	752
5269	+	752
1402	-	751
2176	+	751
3056	+	750
3800	+	750
4447	-	750
5392	-	750
2113	+	749
4631	+	749
4657	+	749
5282	+	748
3205	-	747
703	-	746
1690	+	746
4193	+	746
5162	+	746
5954	-	746
898	+	745
1579	-	745
3641	-	745
3794	+	745
5731	+	745
5990	-	745
102	-	744
1676	+	744
3690	+	744
291	+	743
3335	+	743
4136	+	743
1644	+	742
5084	-	742
5837	+	742
6073	-	742
1561	-	741
5619	+	741
3305	+	740
4569	-	740
4919	-	740
5746	+	740
2893	-	739
3743	+	739
3809	+	739
5769	+	739
5885	-	739
1031	+	738
3396	+	738
3804	+	738
4391	-	737
1232	-	736
3814	+	735
5297	+	735
1535	-	734
3691	+	734
5191	+	734
5064	-	733
5671	+	733
6534	-	732
632	+	731
1428	-	731
2294	+	731
2711	+	731
3932	-	731
5420	-	731
196	+	730
549	-	730
262	+	729
3105	+	729
2171	+	728
4358	-	728
1212	-	726
1315	-	726
3172	-	723
3782	+	723
3965	-	723
6151	+	723
1056	+	722
2398	-	722
3100	+	722
3942	-	721
5412	-	721
6064	-	721
4251	+	720
6071	-	720
2564	-	719
5479	-	719
3866	-	718
4282	+	718
4922	-	718
5220	+	718
505	-	717
1040	+	717
1554	-	717
5291	+	717
5683	+	717
1889	-	716
1358	-	715
2412	-	715
2857	+	715
3517	-	715
3532	-	715
3620	-	715
1009	+	714
3446	+	714
1286	-	713
3230	-	712
5503	-	712
2901	-	711
4260	+	711
1669	+	710
1359	-	709
1401	-	709
1507	-	709
2165	+	709
5583	+	709
5442	-	708
5461	-	708
369	-	707
4080	+	707
2913	-	706
4338	-	706
2456	-	705
2665	-	705
2869	-	705
5988	-	705
1430	-	704
2378	+	704
5477	-	704
1275	-	703
2703	+	703
1316	-	702
2282	+	702
3720	+	702
4530	-	702
4534	-	702
1409	-	701
5989	-	701
1966	+	700
1122	+	699
3452	+	699
5928	-	698
5197	+	697
6638	-	697
1803	-	696
652	+	695
2388	+	695
5694	+	695
948	+	694
3417	+	694
1049	+	693
5523	-	693
6103	-	693
1084	+	692
3291	+	692
4539	-	692
5314	+	692
2627	-	691
4881	-	691
104	-	690
6289	+	690
172	+	689
4438	-	689
6097	-	689
6322	+	689
2526	-	688
3728	+	688
3840	-	688
3945	-	688
6111	-	688
6505	-	688
2288	+	687
6574	-	687
4306	-	686
5750	+	686
513	-	685
1066	+	685
5759	+	685
3894	-	684
6464	-	684
1761	+	682
3142	-	682
5861	-	682
470	-	681
4525	-	680
4669	+	680
405	-	679
4141	+	679
5414	-	679
1693	+	678
2598	-	677
663	+	676
6651	-	676
1140	+	675
2563	-	675
5124	+	675
2173	+	674
2805	+	674
3934	-	674
5120	+	674
5653	+	674
1404	-	673
2054	-	673
3212	-	673
3339	+	673
5987	-	673
5516	-	672
6205	+	672
222	+	671
1300	-	671
3227	-	671
5312	+	671
5742	+	671
40	+	670
231	+	670
2143	+	669
1906	-	667
2708	+	667
3927	-	666
5034	-	666
5039	-	665
5047	-	665
5451	-	665
1988	+	664
2652	-	664
3887	-	664
4165	+	664
4481	-	664
162	+	663
4096	+	663
5130	+	663
344	-	662
807	+	662
4615	+	662
6399	+	660
2932	-	659
4133	+	659
1494	-	658
3275	+	658
31	+	657
2137	+	657
4699	+	657
727	-	656
6136	-	656
380	-	655
4805	+	655
5082	-	655
3015	+	654
5301	+	654
1604	-	653
3841	-	653
4630	+	653
2266	+	652
6432	-	652
1798	-	651
2114	+	650
2674	-	650
3181	-	650
6110	-	650
5800	+	649
3807	+	648
4833	+	648
5372	-	648
6633	-	648
3449	+	647
5591	+	647
5752	+	647
5994	-	647
2500	-	646
3402	+	646
4684	+	645
750	-	644
2208	+	644
4941	-	644
512	-	643
1755	+	643
3597	-	643
4197	+	643
4258	+	643
596	+	642
4048	+	642
5701	+	642
5886	-	642
1081	+	641
3497	-	641
227	+	640
740	-	640
5802	+	639
673	-	638
5815	+	638
6429	-	638
5895	-	637
1731	+	636
6359	+	634
6529	-	634
286	+	633
330	+	633
2350	+	633
2640	-	633
4426	-	633
6126	-	633
145	+	632
355	-	632
5364	-	632
6395	+	632
332	+	631
1833	-	631
3187	-	631
3408	+	631
3994	-	631
4679	+	631
6400	+	631
1117	+	630
1127	+	630
3047	+	630
3822	+	630
4760	+	630
2896	-	629
5112	+	629
558	-	628
2654	-	628
826	+	627
2466	-	627
2624	-	627
3337	+	626
4517	-	626
4831	+	626
5116	+	626
5580	+	626
1330	-	625
4154	+	625
4799	+	625
5870	-	625
6393	+	625
1611	-	624
2965	-	624
6553	-	624
3262	+	623
6404	+	623
2651	-	622
729	-	621
805	+	621
1664	+	621
2384	+	621
4638	+	621
5647	+	621
6059	-	621
3810	+	620
6576	-	620
2152	+	619
2878	-	619
3186	-	619
143	+	618
2533	-	618
3308	+	618
774	+	617
1128	+	617
3491	-	617
5149	+	617
591	+	616
5564	+	616
4169	+	615
4612	+	615
4728	+	615
2203	+	614
5707	+	614
5038	-	613
905	+	612
2289	+	612
2525	-	612
4502	-	612
1959	+	611
2594	-	611
3190	-	611
1044	+	610
5908	-	610
6451	-	610
3768	+	609
5369	-	609
1272	-	608
3225	-	608
5021	-	608
5182	+	608
2546	-	607
4656	+	607
5863	-	607
758	-	606
1670	+	606
2172	+	606
3000	-	606
1333	-	605
2236	+	605
3808	+	605
3958	-	605
5152	+	605
6052	-	605
6082	-	605
217	+	604
2409	-	604
1210	-	603
4363	-	603
5093	-	603
872	+	602
2325	+	602
5185	+	602
6149	+	602
3063	+	601
3403	+	601
4575	-	601
5012	-	601
5521	-	601
6299	+	601
2963	-	600
3551	-	600
3733	+	600
2935	-	599
3386	+	599
2147	+	598
2668	-	598
2996	-	598
3935	-	598
4913	-	598
379	-	597
1666	+	596
3298	+	596
3505	-	596
342	-	595
4316	-	595
4961	-	595
5337	-	595
5387	-	595
6001	-	595
6460	-	595
816	+	594
2511	-	594
3254	+	594
4347	-	594
3207	-	593
3614	-	593
1930	-	592
4420	-	592
5721	+	592
1694	+	591
2643	-	591
3786	+	591
789	+	590
4026	+	589
4564	-	589
3362	+	588
4429	-	588
4427	-	587
5700	+	587
1896	-	586
2673	-	586
5897	-	586
6049	-	586
787	+	585
1541	-	585
1938	-	585
2983	-	584
3093	+	584
5929	-	584
929	+	583
3391	+	583
4561	-	583
641	+	582
1385	-	582
2648	-	582
5017	-	582
5030	-	582
5473	-	582
5770	+	582
5791	+	582
6585	-	582
3025	+	581
6465	-	581
6475	-	581
382	-	580
1915	-	580
5463	-	580
2413	-	579
5428	-	579
2659	-	578
4803	+	578
6527	-	578
1633	+	577
1981	+	577
3508	-	577
4184	+	577
4838	+	577
467	-	576
1004	+	576
2278	+	576
3437	+	576
3933	-	576
5011	-	576
1683	+	575
2443	-	575
2837	+	575
5188	+	575
153	+	574
1159	+	574
5916	-	574
6154	+	574
203	+	573
1179	+	573
1513	-	573
1812	-	573
4789	+	573
1094	+	572
4619	+	572
6433	-	572
538	-	571
312	+	570
2052	-	570
3014	+	570
3264	+	570
6005	-	570
3789	+	568
253	+	567
728	-	567
2017	+	567
2037	-	567
2097	+	567
2649	-	567
374	-	566
6370	+	566
573	-	565
1192	-	564
2404	-	564
3388	+	564
3764	+	564
2059	-	563
2263	+	563
5452	-	563
2629	-	562
4328	-	562
4424	-	562
6304	+	562
2734	+	561
3010	+	561
4001	-	561
5308	+	561
5509	-	561
5830	+	561
248	+	560
3966	-	560
1410	-	559
2410	-	559
4748	+	559
4888	-	559
1120	+	558
3012	+	558
5581	+	558
6132	-	558
586	+	557
1549	-	557
2467	-	557
2472	-	557
2644	-	557
2951	-	557
5910	-	557
3755	+	556
5083	-	556
5231	+	556
5471	-	556
4418	-	555
1279	-	554
1754	+	554
3375	+	554
4830	+	554
5728	+	554
530	-	552
2499	-	552
4081	+	552
5556	+	552
4433	-	551
5927	-	551
463	-	550
1819	-	550
3906	-	550
4327	-	550
4758	+	550
5413	-	550
3359	+	549
3670	+	549
3855	-	549
5436	-	549
5475	-	549
640	+	548
4486	-	548
5252	+	548
5957	-	548
5216	+	547
9	+	546
678	-	546
935	+	546
1302	-	546
2860	+	546
699	-	545
4047	+	545
4878	-	545
6584	-	545
4348	-	544
4593	+	544
965	+	543
3445	+	543
3715	+	543
3893	-	543
1338	-	542
2719	+	542
5774	+	542
445	-	541
972	+	541
2522	-	541
524	-	540
1524	-	540
4233	+	539
4397	-	539
576	-	538
687	-	538
320	+	537
833	+	537
4854	-	537
5644	+	537
2175	+	536
3152	-	536
5912	-	536
6217	+	536
3898	-	535
4032	+	535
4453	-	535
100	-	534
2243	+	534
2524	-	534
2791	+	534
3282	+	534
3780	+	533
1922	-	531
3698	+	531
3762	+	531
5666	+	531
2501	-	530
3200	-	530
4875	-	530
4892	-	530
242	+	529
249	+	529
1958	+	529
2347	+	529
3636	-	529
3953	-	529
307	+	527
3631	-	527
4650	+	527
6233	+	527
6525	-	527
773	+	526
871	+	526
4381	-	526
5201	+	526
504	-	525
2537	-	525
3450	+	525
5558	+	524
5960	-	524
281	+	523
1378	-	523
3519	-	523
2477	-	522
2764	+	522
5848	+	522
5958	-	522
6656	-	522
662	+	521
4775	+	521
5022	-	521
5779	+	521
3022	+	520
5871	-	520
6207	+	520
6254	+	520
484	-	519
2322	+	519
5311	+	519
5409	-	519
2502	-	518
2790	+	518
4407	-	518
4682	+	518
5716	+	518
314	+	517
775	+	517
1503	-	517
2710	+	517
333	+	516
824	+	516
2225	+	516
2948	-	516
3501	-	516
4779	+	516
5711	+	516
612	+	515
3044	+	515
5390	-	515
4753	+	514
5261	+	514
485	-	513
675	-	513
4043	+	513
1972	+	512
2883	-	512
4662	+	512
655	+	511
1188	-	511
4394	-	511
4214	+	510
4336	-	510
4815	+	510
5465	-	510
4911	-	509
5123	+	509
299	+	508
1838	-	508
2159	+	508
4062	+	508
4305	-	508
5592	+	508
544	-	507
736	-	507
767	+	506
1393	-	506
4366	-	506
5514	-	506
6238	+	506
806	+	505
2108	+	505
3244	-	505
4744	+	505
4977	-	505
5298	+	505
5980	-	505
1851	-	504
2550	-	504
1688	+	503
3525	-	503
6533	-	503
6167	+	502
6467	-	502
84	-	501
923	+	501
3688	+	501
5495	-	501
345	-	500
1068	+	500
1377	-	500
1445	-	500
2430	-	500
3043	+	500
3605	-	500
5767	+	500
1841	-	499
2623	-	499
3582	-	499
6504	-	499
2578	-	498
306	+	497
4275	+	497
475	-	496
942	+	496
2340	+	496
4577	-	496
4963	-	496
6349	+	496
1273	-	495
2444	-	495
2596	-	495
2866	-	495
5074	-	495
6011	-	495
70	-	494
714	-	494
2061	-	494
5459	-	494
5789	+	494
6547	-	494
6562	-	494
501	-	493
1168	+	493
2741	+	493
4034	+	493
4393	-	493
4568	-	493
5249	+	493
961	+	492
1269	-	492
2699	+	492
559	-	491
2761	+	491
3013	+	491
3399	+	491
4842	+	491
5180	+	491
6096	-	491
6439	-	491
6519	-	491
259	+	490
358	-	490
3795	+	490
5936	-	490
1176	+	489
4226	+	489
4293	-	489
4550	-	489
928	+	488
1254	-	487
4786	+	487
743	-	486
1001	+	486
1133	+	486
1160	+	486
1520	-	486
2457	-	486
2458	-	486
4361	-	486
697	-	485
947	+	485
1454	-	485
4826	+	485
4601	+	484
571	-	483
921	+	483
3330	+	483
1114	+	482
4070	+	482
5309	+	482
1137	+	481
5594	+	481
1118	+	480
1408	-	480
2504	-	480
4099	+	480
599	+	479
1698	+	479
2138	+	479
3087	+	479
4323	-	478
6087	-	478
305	+	477
1944	-	477
2655	-	477
3376	+	477
4583	-	477
6541	-	477
3509	-	476
4057	+	476
795	+	475
1189	-	475
2020	+	475
2125	+	475
2663	-	475
5827	+	475
5865	-	475
6644	-	475
229	+	474
2160	+	474
2194	+	474
5527	-	474
737	-	473
1427	-	473
2044	-	473
2320	+	473
4265	+	473
895	+	472
2011	+	472
2262	+	472
3963	-	472
5684	+	472
1835	-	471
1967	+	471
2284	+	471
3369	+	471
4871	-	471
5704	+	471
2247	+	470
3601	-	470
4516	-	470
4972	-	470
254	+	469
540	-	469
2174	+	469
2237	+	469
5143	+	469
955	+	468
1446	-	468
3751	+	468
4291	-	468
6055	-	468
6109	-	468
1663	+	467
2167	+	467
2217	+	467
6469	-	467
1252	-	466
3472	-	466
4654	+	466
5393	-	466
5761	+	466
6314	+	466
6627	-	466
2713	+	465
2998	-	465
3176	-	465
3749	+	465
3851	-	465
4212	+	465
1348	-	464
3594	-	464
6277	+	464
535	-	463
1076	+	463
1194	-	463
1355	-	463
5376	-	463
5896	-	463
3818	+	462
4982	-	462
6655	-	462
828	+	460
1148	+	460
1583	-	460
2544	-	460
690	-	459
2106	+	459
2107	+	459
2368	+	459
2763	+	459
3051	+	459
3288	+	459
3848	-	459
3916	-	459
4680	+	459
5798	+	459
5953	-	459
5557	+	458
5675	+	458
147	+	457
1293	-	457
3912	-	457
6324	+	457
2042	-	456
2154	+	456
3523	-	456
499	-	455
3996	-	455
5419	-	455
6294	+	455
1367	-	454
4781	+	454
11	+	453
315	+	453
2149	+	453
5638	+	453
546	-	452
4595	+	452
1045	+	451
1070	+	451
1464	-	451
2831	+	450
4551	-	450
5075	-	450
5903	-	450
6481	-	450
4380	-	449
4436	-	449
1047	+	448
2083	-	448
4171	+	448
1225	-	447
3535	-	447
4075	+	447
4090	+	447
5551	+	447
5772	+	447
6497	-	447
2742	+	446
3052	+	446
3771	+	446
4620	+	446
5483	-	446
6263	+	446
1166	+	445
2030	-	445
4477	-	445
5154	+	445
6592	-	445
3297	+	444
3309	+	444
5304	+	444
5457	-	444
5658	+	444
6549	-	444
6626	-	444
3410	+	443
3555	-	443
3985	-	443
4060	+	443
4603	+	442
5019	-	442
370	-	441
3640	-	441
3781	+	441
3791	+	441
4449	-	441
5275	+	441
285	+	440
442	-	440
1197	-	440
3325	+	440
5063	-	440
6006	-	440
6325	+	440
1039	+	439
2681	-	439
2879	-	439
3879	-	439
4406	-	439
4915	-	439
825	+	438
4158	+	438
4225	+	438
2297	+	437
2952	-	437
4278	+	437
3926	-	436
4956	-	436
5267	+	436
1537	-	435
3779	+	435
185	+	434
1042	+	434
1135	+	434
1496	-	434
1752	+	434
2264	+	434
3579	-	434
6577	-	434
3914	-	433
5507	-	433
5806	+	433
2788	+	432
3490	-	432
5264	+	432
5548	+	432
5944	-	431
566	-	430
808	+	430
4367	-	430
6061	-	430
560	-	429
1247	-	429
2242	+	429
2588	-	429
3341	+	429
3836	-	429
4611	+	429
3873	-	428
4007	+	428
4665	+	428
4695	+	428
6214	+	428
6365	+	428
384	-	427
4409	-	427
4959	-	427
5062	-	427
5265	+	427
6330	+	427
3682	+	426
317	+	425
4035	+	425
6489	-	425
426	-	424
3939	-	424
5035	-	424
5418	-	424
5530	-	424
6163	+	424
483	-	423
1631	+	423
1799	-	423
4653	+	423
5447	-	423
6244	+	423
2736	+	422
3363	+	422
5113	+	422
5612	+	422
5950	-	422
3397	+	421
5273	+	421
5945	-	421
2766	+	420
2839	+	420
4632	+	420
3602	-	419
3726	+	419
4688	+	419
110	-	418
208	+	418
224	+	418
1344	-	418
2685	+	418
887	+	417
2182	+	417
2459	-	417
4192	+	417
4478	-	417
5462	-	417
2636	-	416
4768	+	416
5156	+	416
3134	-	415
3627	-	415
5016	-	415
5542	+	415
6530	-	415
2452	-	414
2782	+	413
2797	+	413
4313	-	413
5449	-	413
5555	+	413
3608	-	412
5754	+	412
3559	-	411
5368	-	411
6032	-	411
1677	+	410
3076	+	410
3425	+	410
4267	+	410
6554	-	410
245	+	409
963	+	409
2399	-	409
2562	-	409
2671	-	409
4220	+	409
5974	-	409
6653	-	409
341	-	408
2468	-	408
2557	-	408
3479	-	408
6495	-	408
1104	+	407
2566	-	407
5270	+	407
6067	-	407
399	-	406
1574	-	406
3697	+	406
4031	+	406
4774	+	406
46	+	405
313	+	405
1726	+	405
3158	-	405
6363	+	405
6396	+	405
4355	-	404
5996	-	404
428	-	403
1308	-	403
2776	+	403
3444	+	403
4668	+	403
4898	-	403
6602	-	403
411	-	402
1167	+	402
2872	-	402
2957	-	402
6025	-	402
85	-	401
6266	+	401
506	-	400
2033	-	400
2722	+	400
5785	+	400
5818	+	400
635	+	399
1236	-	399
1501	-	399
1539	-	399
4161	+	399
4604	+	399
5487	-	399
1013	+	398
2299	+	398
3737	+	398
2103	+	397
2188	+	397
2202	+	397
4170	+	397
5207	+	397
6269	+	397
404	-	396
1248	-	396
1642	+	396
1753	+	396
1873	-	396
3864	-	396
4289	-	396
4912	-	396
600	+	395
1384	-	395
3219	-	395
3474	-	395
3718	+	395
6288	+	395
304	+	394
3069	+	394
4503	-	394
5732	+	394
6256	+	394
782	+	393
2739	+	393
4693	+	393
5119	+	393
6085	-	393
1892	-	392
688	-	391
1184	-	391
1240	-	391
2240	+	391
6186	+	391
3189	-	390
3192	-	390
4088	+	390
6045	-	390
42	+	389
603	+	389
1628	+	389
2520	-	389
2864	-	389
3218	-	389
3326	+	389
1204	-	388
2190	+	388
2279	+	388
4152	+	388
5266	+	388
5481	-	388
26	+	387
180	+	387
433	-	387
1357	-	387
3148	-	387
3862	-	387
6368	+	387
609	+	386
1297	-	386
2287	+	386
3847	-	386
4766	+	386
4795	+	386
4983	-	386
996	+	385
2436	-	385
6407	+	385
311	+	384
1996	+	384
4664	+	384
637	+	383
1206	-	383
1327	-	383
1705	+	383
3568	-	383
6478	-	383
625	+	382
1702	+	382
2455	-	382
5880	-	382
5979	-	382
1022	+	381
1932	-	381
2379	+	381
2554	-	381
3463	-	381
3922	-	381
5310	+	381
5347	-	381
6124	-	381
482	-	380
1829	-	380
6153	+	380
1481	-	379
610	+	378
4019	+	378
4144	+	378
5359	-	378
1244	-	377
3094	+	377
3816	+	377
3975	-	377
4890	-	377
4910	-	377
5496	-	377
6539	-	377
2389	+	376
3712	+	376
4130	+	376
4437	-	376
631	+	375
958	+	375
2617	-	375
2929	-	375
3372	+	375
4622	+	375
5198	+	375
2794	+	374
2977	-	374
3430	+	374
3747	+	374
4544	-	374
5375	-	374
5510	-	374
178	+	373
520	-	373
3395	+	373
3606	-	373
4056	+	373
4462	-	373
5272	+	373
5943	-	373
6471	-	373
4395	-	372
5596	+	372
5601	+	372
6306	+	372
873	+	371
2834	+	371
4384	-	371
4706	+	371
2460	-	370
3823	+	370
6255	+	370
519	-	369
1411	-	369
1943	-	369
2058	-	369
4332	-	369
1380	-	368
1908	-	368
3191	-	368
4245	+	368
4413	-	368
5279	+	368
238	+	367
290	+	367
3032	+	367
1054	+	366
2303	+	366
2331	+	366
3752	+	366
4177	+	366
4389	-	366
4444	-	366
5562	+	366
2781	+	365
3925	-	365
5570	+	365
5973	-	365
6069	-	365
2255	+	364
2280	+	364
3229	-	364
3891	-	364
925	+	363
1585	-	363
2569	-	363
3624	-	363
4343	-	363
4778	+	363
6280	+	363
288	+	362
444	-	362
810	+	362
1000	+	362
2641	-	361
4383	-	361
79	-	360
917	+	360
3798	+	360
3949	-	360
6320	+	360
1100	+	359
1387	-	359
3811	+	359
6662	-	359
35	+	358
1415	-	358
3877	-	358
6022	-	358
6397	+	358
418	-	357
878	+	357
939	+	357
2319	+	357
3513	-	357
3619	-	357
701	-	356
1152	+	356
2139	+	356
3778	+	356
5783	+	356
6210	+	356
931	+	355
1026	+	355
1850	-	355
2305	+	355
2450	-	355
2798	+	355
3160	-	355
3769	+	355
3911	-	355
176	+	354
1379	-	354
2005	+	354
2733	+	354
3593	-	354
5877	-	354
6323	+	354
437	-	353
976	+	353
1424	-	353
2423	-	353
2605	-	353
3242	-	353
3323	+	353
3883	-	353
4118	+	353
4801	+	353
1113	+	352
3787	+	352
4621	+	352
5588	+	352
1491	-	351
1840	-	351
3138	-	351
3529	-	351
4253	+	351
5982	-	351
6048	-	351
6616	-	351
71	-	350
835	+	350
6258	+	350
6273	+	350
6595	-	350
1853	-	349
2127	+	349
2408	-	349
3838	-	349
4484	-	349
133	+	348
1476	-	348
4167	+	348
597	+	347
2743	+	347
2928	-	347
4711	+	347
657	+	346
757	-	346
995	+	346
2008	+	346
2080	-	346
2572	-	346
3421	+	346
3541	-	346
3553	-	346
3870	-	346
5380	-	346
5934	-	346
5970	-	346
2570	-	345
3161	-	345
3707	+	345
1251	-	344
1363	-	344
1899	-	344
2875	-	344
5567	+	344
1299	-	343
1770	+	343
864	+	342
1018	+	342
1055	+	342
1231	-	342
1480	-	342
1534	-	342
3390	+	342
5020	-	342
5386	-	342
5792	+	342
1123	+	341
1447	-	341
2218	+	341
5680	+	341
1356	-	340
4729	+	340
5217	+	340
5416	-	340
950	+	339
1556	-	339
1681	+	339
2265	+	339
4025	+	339
4040	+	339
2886	-	338
3343	+	338
3572	-	338
6172	+	338
2185	+	337
2195	+	337
6164	+	337
6176	+	337
4401	-	336
5915	-	336
711	-	335
2371	+	335
3617	-	335
5616	+	335
5851	+	335
3564	-	334
4935	-	334
6394	+	334
1023	+	333
2328	+	333
3427	+	333
5552	+	333
5738	+	333
111	-	332
300	+	332
1474	-	332
4496	-	332
647	+	331
1842	-	331
3125	-	331
3770	+	331
4887	-	331
5246	+	331
1869	-	330
3115	+	330
4594	+	330
6236	+	330
1519	-	329
1679	+	329
2830	+	329
2975	-	329
6339	+	329
6361	+	329
2126	+	328
5161	+	328
134	+	327
324	+	327
4574	-	327
1844	-	326
2079	-	326
2630	-	326
3812	+	326
4974	-	326
6017	-	326
1486	-	325
3854	-	325
5327	+	325
6344	+	325
3123	+	324
3268	+	324
6628	-	324
3431	+	323
3695	+	323
5662	+	323
804	+	322
5518	-	322
5931	-	322
356	-	321
402	-	321
1872	-	321
2401	-	321
3813	+	321
6180	+	321
489	-	320
2235	+	320
2820	+	320
3319	+	320
4181	+	320
4302	-	320
5340	-	320
3634	-	319
3729	+	319
938	+	318
1150	+	318
1382	-	318
1546	-	318
2142	+	318
2731	+	318
2931	-	318
3135	-	318
3554	-	318
331	+	317
518	-	317
3324	+	317
6208	+	317
6292	+	317
295	+	316
759	-	316
1680	+	316
2573	-	316
2783	+	316
4572	-	316
6546	-	316
5127	+	315
1601	-	314
2961	-	314
3454	+	314
4388	-	314
4763	+	314
6007	-	314
6240	+	314
164	+	313
2487	-	313
3713	+	313
4195	+	313
4445	-	313
846	+	312
2633	-	312
2894	-	312
3955	-	312
4536	-	312
5134	+	312
616	+	311
3173	-	311
6463	-	311
6569	-	311
363	-	310
2610	-	310
3881	-	310
4365	-	310
5493	-	310
461	-	309
587	+	309
1028	+	309
1069	+	309
1090	+	309
2341	+	309
2608	-	309
3226	-	309
3591	-	309
5894	-	309
173	+	308
1110	+	308
1543	-	308
1920	-	308
2076	-	308
3502	-	308
4377	-	308
4902	-	308
5142	+	308
5961	-	308
223	+	307
837	+	307
2411	-	307
4408	-	307
6070	-	307
6647	-	307
72	-	306
1078	+	306
1542	-	306
2206	+	306
4259	+	306
4858	-	306
5812	+	306
6018	-	306
6353	+	306
1689	+	305
2051	-	305
4266	+	305
563	-	304
2947	-	304
3574	-	304
3721	+	304
5013	-	304
5057	-	304
803	+	303
915	+	303
1082	+	303
1175	+	303
1951	+	303
3316	+	303
3346	+	303
5244	+	303
5645	+	303
5872	-	303
6268	+	303
6081	-	302
6441	-	302
1074	+	301
1426	-	301
3439	+	301
5389	-	301
130	+	300
936	+	300
1065	+	300
1169	+	300
4518	-	300
439	-	299
1116	+	299
5322	+	299
5383	-	299
6203	+	299
1264	-	298
1368	-	298
1599	-	298
2495	-	298
2849	+	298
4641	+	298
5014	-	298
6346	+	298
6352	+	298
99	-	297
101	-	297
2509	-	297
3258	+	297
6332	+	297
492	-	296
2602	-	296
6621	-	296
1571	-	295
4182	+	295
5345	-	295
6021	-	295
6189	+	295
6246	+	295
1487	-	294
4018	+	294
4320	-	294
322	+	293
2352	+	293
3097	+	293
496	-	292
893	+	292
1290	-	292
1528	-	292
2921	-	292
3995	-	292
5875	-	292
6015	-	292
788	+	291
1578	-	291
3195	-	291
3211	-	291
3315	+	291
4219	+	291
5724	+	291
1217	-	290
1695	+	290
2959	-	290
3045	+	290
3293	+	290
6003	-	290
1250	-	289
3035	+	289
5325	+	289
5537	-	289
5921	-	289
1144	+	288
1381	-	288
3826	+	288
4835	+	288
6303	+	288
1093	+	287
2210	+	287
2595	-	287
5424	-	287
2486	-	286
2789	+	286
2925	-	286
3184	-	286
3504	-	286
4044	+	286
5186	+	286
814	+	285
2451	-	285
2634	-	285
3962	-	285
4239	+	285
852	+	284
1091	+	284
1261	-	284
3414	+	284
2034	-	283
3569	-	283
5730	+	283
6140	-	283
6241	+	283
2099	+	282
3863	-	282
6008	-	282
1437	-	281
1566	-	281
4030	+	281
5764	+	281
5893	-	281
2580	-	280
2801	+	280
5422	-	280
5602	+	280
5618	+	280
903	+	279
4151	+	279
5332	+	279
6650	-	279
2858	+	278
2969	-	278
393	-	277
2272	+	277
3267	+	276
4089	+	276
4134	+	276
5341	-	276
5981	-	276
240	+	275
255	+	275
2867	-	275
3549	-	275
3753	+	275
6185	+	275
95	-	274
156	+	274
777	+	274
1545	-	274
4440	-	274
4473	-	274
4817	+	274
5203	+	274
279	+	273
1449	-	273
4142	+	273
5056	-	273
5720	+	273
855	+	272
2213	+	272
4000	-	272
4681	+	272
4780	+	272
4685	+	271
6401	+	271
278	+	270
752	-	270
1918	-	270
2752	+	270
2785	+	270
3422	+	270
4979	-	270
4995	-	270
5286	+	270
6573	-	270
1573	-	269
4934	-	269
1707	+	268
2645	-	268
3170	-	268
3398	+	268
5073	-	268
5584	+	268
5844	+	268
6509	-	268
225	+	267
1284	-	267
2084	-	267
3557	-	267
3923	-	267
4829	+	267
4546	-	266
6197	+	266
226	+	265
1576	-	265
1588	-	265
3632	-	265
5705	+	265
5955	-	265
6445	-	265
453	-	264
3442	+	264
4737	+	264
4755	+	264
5031	-	264
6024	-	264
1038	+	263
1552	-	263
2141	+	263
3020	+	263
3740	+	263
4072	+	263
5482	-	263
33	+	262
263	+	262
1910	-	262
2116	+	262
2267	+	262
2476	-	262
3844	-	262
3846	-	262
4776	+	262
4968	-	262
5328	+	262
6218	+	262
888	+	261
3131	-	261
3552	-	261
3924	-	261
4628	+	261
502	-	260
589	+	260
2198	+	260
3318	+	260
4464	-	260
820	+	259
2338	+	259
1155	+	258
1398	-	258
1609	-	258
5348	-	258
653	+	257
1103	+	257
4232	+	257
1073	+	256
1655	+	256
2749	+	256
4932	-	256
4312	-	255
4767	+	255
5669	+	255
1839	-	254
2164	+	254
2815	+	254
3956	-	254
4218	+	254
4985	-	254
5850	+	254
6187	+	254
1364	-	253
4321	-	253
6372	+	253
1157	+	252
1862	-	252
2250	+	252
2613	-	252
3352	+	252
4671	+	252
4727	+	252
4981	-	252
5370	-	252
5566	+	252
5608	+	252
321	+	251
1046	+	251
1392	-	251
1490	-	251
2043	-	251
2293	+	251
3643	-	251
4743	+	251
2227	+	250
2356	+	250
3876	-	250
4891	-	250
6200	+	250
565	-	249
897	+	249
916	+	249
968	+	249
2769	+	249
3534	-	249
4938	-	249
6601	-	249
1156	+	248
2543	-	248
2604	-	248
533	-	247
564	-	247
2003	+	247
2429	-	247
4761	+	247
6209	+	247
644	+	246
1782	-	246
2669	-	245
161	+	244
392	-	244
3875	-	244
6094	-	244
748	-	243
2806	+	243
3345	+	243
5080	-	243
5118	+	243
303	+	242
2067	-	242
5250	+	242
2474	-	241
2561	-	241
2973	-	241
3423	+	241
5238	+	241
5698	+	241
5883	-	241
2365	+	240
2512	-	240
3331	+	240
3356	+	240
3976	-	240
5048	-	240
5136	+	240
5151	+	240
86	-	239
4973	-	239
6296	+	239
1289	-	238
1647	+	238
1786	-	238
2461	-	238
3183	-	238
4647	+	238
5938	-	238
611	+	237
790	+	237
1178	+	237
1457	-	237
1536	-	237
2313	+	237
3099	+	237
3724	+	237
3801	+	237
3828	+	237
3890	-	237
4802	+	237
4846	+	237
5141	+	237
5782	+	237
5874	-	237
6561	-	237
6591	-	237
642	+	236
1301	-	236
1469	-	236
2004	+	236
2168	+	236
3224	-	236
5344	-	236
734	-	235
4121	+	235
4788	+	235
4847	+	235
5657	+	235
6600	-	235
884	+	234
1727	+	234
1865	-	234
2954	-	234
4174	+	234
4962	-	234
6290	+	234
2065	-	233
4625	+	233
4828	+	233
5042	-	233
5169	+	233
5299	+	233
6036	-	233
745	-	232
3111	+	232
1390	-	231
1816	-	231
3036	+	231
3658	+	231
3684	+	231
4209	+	231
5117	+	231
5334	-	231
6305	+	231
6425	-	231
28	+	230
2081	-	230
2248	+	230
2885	-	230
3550	-	230
4770	+	230
5677	+	230
1353	-	229
1637	+	229
1674	+	229
3247	-	229
3487	-	229
359	-	228
2361	+	228
2427	-	228
2432	-	228
5044	-	228
6336	+	228
1955	+	227
4480	-	227
639	+	226
666	-	226
1142	+	226
2880	-	226
3394	+	226
3948	-	226
5283	+	226
5329	+	226
5914	-	226
6219	+	226
2442	-	225
3511	-	225
3805	+	225
3832	+	225
6646	-	225
1255	-	224
4434	-	224
4451	-	224
4465	-	224
4984	-	224
5194	+	224
6084	-	224
2238	+	223
2314	+	223
4236	+	223
4869	-	223
310	+	222
2521	-	222
3671	+	222
5296	+	222
6211	+	222
3639	-	221
4724	+	221
5006	-	221
5222	+	221
129	+	220
1291	-	220
2155	+	220
3785	+	220
4951	-	220
168	+	219
1831	-	219
3136	-	219
4992	-	219
141	+	218
171	+	218
554	-	218
1343	-	218
3026	+	218
5515	-	218
5835	+	218
6559	-	218
1143	+	217
1813	-	217
2260	+	217
2437	-	217
3290	+	217
4373	-	217
4663	+	217
764	-	216
1058	+	216
1129	+	216
2424	-	216
3167	-	216
4292	-	216
5041	-	216
5243	+	216
5797	+	216
1417	-	215
2134	+	215
3064	+	215
3756	+	215
4430	-	215
4606	+	215
5313	+	215
5904	-	215
4009	+	214
4718	+	214
951	+	213
1973	+	213
2193	+	213
3301	+	213
3546	-	213
4757	+	213
4958	-	213
287	+	212
694	-	212
2816	+	212
3245	-	212
5051	-	212
5367	-	212
6231	+	212
555	-	211
1931	-	211
1937	-	211
1942	-	211
6526	-	211
17	+	210
2539	-	210
2553	-	210
3034	+	210
3092	+	210
3109	+	210
4150	+	210
4179	+	210
6098	-	210
6285	+	210
6466	-	210
1700	+	209
2603	-	209
4980	-	209
6637	-	209
43	+	208
1224	-	208
2635	-	208
2955	-	208
5226	+	208
6265	+	208
6474	-	208
1153	+	207
1523	-	207
4189	+	207
5631	+	207
5741	+	207
24	+	206
1730	+	206
3435	+	206
4405	-	206
4754	+	206
124	+	205
3595	-	205
4166	+	205
5843	+	205
6493	-	205
2132	+	204
3223	-	204
3261	+	204
621	+	203
1800	-	203
3103	+	203
3238	-	203
4257	+	203
4796	+	203
4860	-	203
6388	+	203
53	+	202
2911	-	202
4138	+	202
4928	-	202
6384	+	202
716	-	201
1218	-	201
1429	-	201
1497	-	201
1714	+	201
2104	+	201
3314	+	201
3401	+	201
4752	+	201
5650	+	201
1914	-	200
2256	+	200
2295	+	200
3983	-	200
4747	+	200
4942	-	200
6237	+	200
2150	+	199
3971	-	199
4933	-	199
5892	-	199
1257	-	198
1815	-	198
5058	-	198
5407	-	198
6431	-	198
302	+	197
1088	+	197
2407	-	197
3215	-	197
3653	-	197
4707	+	197
4954	-	197
5002	-	197
5983	-	197
706	-	196
712	-	196
974	+	196
1050	+	196
1600	-	196
3108	+	196
4074	+	196
5613	+	196
6252	+	196
6540	-	196
2581	-	195
2930	-	195
5040	-	195
5214	+	195
5776	+	195
5836	+	195
6477	-	195
6487	-	195
266	+	194
581	-	194
794	+	194
1318	-	194
2304	+	194
2359	+	194
4431	-	194
6480	-	194
6514	-	194
319	+	193
2062	-	193
3705	+	193
4213	+	193
5209	+	193
5884	-	193
337	-	192
1461	-	192
3628	-	192
3886	-	192
5942	-	192
6318	+	192
47	+	191
236	+	191
2316	+	191
3943	-	191
3979	-	191
4059	+	191
4428	-	191
4515	-	191
5976	-	191
6092	-	191
6511	-	191
1723	+	190
2490	-	190
2587	-	190
2778	+	190
4374	-	190
4461	-	190
5232	+	190
6183	+	190
2153	+	189
3070	+	189
3292	+	189
4385	-	189
4816	+	189
6412	-	189
6473	-	189
232	+	188
334	+	188
1207	-	188
1660	+	188
1898	-	188
2215	+	187
2431	-	187
2767	+	187
5010	-	187
2148	+	186
3739	+	186
1043	+	185
1575	-	185
2201	+	185
5492	-	185
5831	+	185
6347	+	185
80	-	184
293	+	184
1582	-	184
1881	-	184
2128	+	184
2309	+	184
3547	-	184
5586	+	184
890	+	183
1594	-	183
2780	+	183
3334	+	183
4350	-	183
4448	-	183
4610	+	183
204	+	182
721	-	182
733	-	182
1610	-	182
2997	-	182
3017	+	182
4404	-	182
4787	+	182
5582	+	182
187	+	181
536	-	181
1811	-	181
2041	-	181
2254	+	181
4549	-	181
4827	+	181
5072	-	181
5646	+	181
409	-	180
1025	+	180
1993	+	180
2838	+	180
4996	-	180
220	+	179
839	+	179
2015	+	179
3424	+	179
3919	-	179
4097	+	179
815	+	178
2861	-	178
3699	+	178
4091	+	178
4812	+	178
5287	+	178
3274	+	177
3725	+	177
4033	+	177
4285	-	177
4705	+	177
4917	-	177
6291	+	177
6557	-	177
6636	-	177
193	+	176
604	+	176
1703	+	176
2435	-	176
2445	-	176
3027	+	176
4468	-	176
5787	+	176
848	+	175
1678	+	175
2381	+	175
2919	-	175
3830	+	175
1288	-	174
1751	+	174
1939	-	174
3459	+	174
5211	+	174
434	-	173
1452	-	173
3908	-	173
4172	+	173
4644	+	173
822	+	172
927	+	172
1448	-	172
2881	-	172
3019	+	172
3951	-	172
4739	+	172
5811	+	172
209	+	171
244	+	171
941	+	171
1651	+	171
4997	-	171
443	-	170
1161	+	170
1717	+	170
5512	-	170
5729	+	170
1665	+	169
3650	-	169
3989	-	169
4851	-	169
207	+	168
944	+	168
1186	-	168
1550	-	168
2985	-	168
4078	+	168
6128	-	168
6216	+	168
1960	+	167
131	+	166
148	+	166
3563	-	166
3626	-	166
4415	-	166
5351	-	166
5573	+	166
529	-	165
2018	+	165
3817	+	165
4356	-	165
6449	-	165
2249	+	164
4749	+	164
4820	+	164
5318	+	164
5692	+	164
6014	-	164
6301	+	164
264	+	163
3119	+	163
4872	-	163
4993	-	163
5193	+	163
5300	+	163
854	+	162
985	+	162
1443	-	162
1485	-	162
3263	+	162
3683	+	162
681	-	161
3530	-	161
5004	-	161
6423	-	161
36	+	160
186	+	160
4720	+	160
5128	+	160
5336	-	160
6224	+	160
6581	-	160
397	-	159
776	+	159
1262	-	159
3400	+	159
3853	-	159
4926	-	159
6088	-	159
636	+	158
2529	-	158
2843	+	158
3495	-	158
4238	+	158
5025	-	158
6122	-	158
6338	+	158
1926	-	157
2124	+	157
4469	-	157
4741	+	157
5005	-	157
2811	+	156
5506	-	156
5866	-	156
6123	-	156
283	+	155
676	-	155
3311	+	155
260	+	154
817	+	154
1203	-	154
2117	+	154
3095	+	154
4582	-	154
4957	-	154
6275	+	154
3434	+	153
3578	-	153
3907	-	153
4864	-	153
5765	+	153
6488	-	153
6512	-	153
446	-	152
778	+	152
1037	+	152
3514	-	152
3850	-	152
4176	+	152
5024	-	152
5071	-	152
5634	+	152
6162	+	152
372	-	151
695	-	151
934	+	151
1555	-	151
2660	-	151
2714	+	151
2822	+	151
3260	+	151
4284	-	151
4497	-	151
5339	-	151
6380	+	151
527	-	150
1030	+	150
1913	-	150
2693	+	150
4119	+	150
4149	+	150
425	-	149
1198	-	149
1532	-	149
2826	+	149
6195	+	149
6593	-	149
69	-	148
989	+	148
1704	+	148
2374	+	148
3448	+	148
5517	-	148
5595	+	148
6192	+	148
1292	-	147
1492	-	147
1572	-	147
2824	+	147
3404	+	147
4410	-	147
4904	-	147
5717	+	147
6456	-	147
1530	-	146
1923	-	146
2261	+	146
2601	-	146
3104	+	146
3428	+	146
4840	+	146
5663	+	146
6608	-	146
620	+	145
831	+	145
760	-	144
998	+	144
1744	+	144
4535	-	144
360	-	143
847	+	143
2697	+	143
3113	+	143
3885	-	143
4008	+	143
1857	-	142
2535	-	142
3954	-	142
6418	-	142
3074	+	141
3145	-	141
3151	-	141
3246	-	141
3607	-	141
517	-	140
718	-	140
1824	-	140
5406	-	140
5531	-	140
5629	+	140
480	-	139
541	-	139
1656	+	139
2606	-	139
3381	+	139
3518	-	139
4287	-	139
4987	-	139
5937	-	139
1131	+	138
1818	-	138
2207	+	138
6010	-	138
6247	+	138
6438	-	138
6605	-	138
1591	-	137
3304	+	137
5363	-	137
2370	+	136
2992	-	136
4082	+	136
4596	+	136
772	+	135
3674	+	135
5443	-	135
5699	+	135
5975	-	135
6690	+	135
2902	-	134
3960	-	134
4069	+	134
5400	-	134
5656	+	134
6220	+	134
1391	-	133
2527	-	133
3050	+	133
3306	+	133
3992	-	133
4094	+	133
5121	+	133
6155	+	133
494	-	132
1616	-	132
3328	+	132
5603	+	132
5918	-	132
6175	+	132
13	+	131
473	-	131
739	-	131
1062	+	131
1282	-	131
3663	+	131
4387	-	131
5054	-	131
5258	+	131
23	+	130
672	-	130
763	-	130
2028	-	130
3415	+	130
5268	+	130
1352	-	129
1516	-	129
2312	+	129
2677	-	129
3802	+	129
4095	+	129
5622	+	129
5687	+	129
5828	+	129
5888	-	129
561	-	128
1239	-	128
4513	-	128
4541	-	128
5397	-	128
5432	-	128
1493	-	127
2575	-	127
4242	+	127
4244	+	127
4349	-	127
5533	-	127
6242	+	127
6379	+	127
1472	-	126
1788	-	126
2489	-	126
3485	-	126
3642	-	126
3748	+	126
430	-	125
984	+	125
5371	-	125
6004	-	125
6230	+	125
1014	+	124
1456	-	124
2915	-	124
3299	+	124
3367	+	124
4701	+	124
5909	-	124
6482	-	124
6506	-	124
8	+	123
574	-	123
4697	+	123
5502	-	123
5777	+	123
802	+	122
3946	-	122
4598	+	122
27	+	121
450	-	121
1441	-	121
2882	-	121
2949	-	121
2979	-	121
4196	+	121
5693	+	121
6523	-	121
1092	+	120
1187	-	120
1848	-	120
2718	+	120
2855	+	120
3129	-	120
4223	+	120
4717	+	120
5678	+	120
6041	-	120
3458	+	119
5439	-	119
6369	+	118
1414	-	117
2995	-	117
3610	-	117
4215	+	117
4853	-	117
5394	-	117
5659	+	117
6537	-	117
765	-	116
902	+	116
1598	-	116
2481	-	116
3141	-	116
4400	-	116
4527	-	116
5624	+	116
6459	-	116
726	-	115
1173	+	115
1328	-	115
1626	+	115
2422	-	115
2622	-	115
4667	+	115
5430	-	115
5756	+	115
6437	-	115
1253	-	114
1388	-	114
3250	-	114
3506	-	114
4354	-	114
5398	-	114
689	-	113
2556	-	113
2732	+	113
3221	-	113
4016	+	113
4345	-	113
5846	+	113
6564	-	113
992	+	112
1130	+	112
1794	-	112
1855	-	112
2334	+	112
2391	+	112
3432	+	112
5695	+	112
1361	-	111
1495	-	111
1531	-	111
3871	-	111
1237	-	110
1416	-	110
1901	-	110
1994	+	110
3117	+	110
5378	-	110
6448	-	110
6500	-	110
4501	-	109
5402	-	109
5534	-	109
5614	+	109
1776	+	108
2715	+	108
6317	+	108
6377	+	108
1360	-	107
2064	-	107
2700	+	107
3179	-	107
3188	-	107
3831	+	107
3978	-	107
4207	+	107
5068	-	107
5166	+	107
5857	-	107
5991	-	107
6065	-	107
6283	+	107
1623	+	106
2552	-	106
2759	+	106
4950	-	106
6619	-	106
49	+	105
1246	-	105
4155	+	105
6212	+	105
292	+	104
548	-	104
1201	-	104
4800	+	104
5607	+	104
6090	-	104
1061	+	103
2835	+	103
3024	+	103
3374	+	103
3869	-	103
4086	+	103
4708	+	103
5114	+	103
60	+	102
570	-	102
2056	-	102
2109	+	102
2403	-	102
3102	+	102
5221	+	102
6528	-	102
6613	-	102
1158	+	101
2241	+	101
3744	+	101
5335	-	101
5623	+	101
6039	-	101
6271	+	101
6357	+	101
479	-	100
957	+	100
1332	-	100
2204	+	100
2626	-	100
3473	-	100
3587	-	100
6563	-	100
2060	-	99
3202	-	99
3537	-	99
5032	-	99
5887	-	99
6674	+	99
267	+	98
1659	+	98
1790	-	98
2016	+	98
3042	+	98
37	+	97
5315	+	97
5408	-	97
5790	+	97
6262	+	97
466	-	96
1342	-	96
2777	+	96
3754	+	96
4471	-	96
4698	+	96
6037	-	96
219	+	95
2355	+	95
2748	+	95
5288	+	95
3214	-	94
4269	+	94
868	+	93
3528	-	93
4010	+	93
4686	+	93
6567	-	93
4085	+	92
4703	+	92
5172	+	92
194	+	91
1270	-	91
1890	-	91
3586	-	91
4450	-	91
4691	+	91
429	-	90
1033	+	90
2323	+	90
5793	+	90
6410	+	90
57	+	89
1164	+	89
1871	-	89
3837	-	89
6415	-	89
1418	-	88
2792	+	88
3155	-	88
5167	+	88
452	-	87
629	+	87
883	+	87
2918	-	87
3590	-	87
4491	-	87
5860	-	87
6568	-	87
59	+	86
1199	-	86
6458	-	86
1132	+	85
1603	-	85
3080	+	85
3322	+	85
51	+	84
932	+	84
2848	+	84
3921	-	84
5008	-	84
1216	-	83
3456	+	83
515	-	82
649	+	82
4372	-	82
4566	-	82
4581	-	82
557	-	81
762	-	81
910	+	81
1323	-	81
1420	-	81
2385	+	81
3165	-	81
3625	-	81
578	-	80
1470	-	80
5849	+	80
351	-	79
1849	-	79
2187	+	79
2377	+	79
2819	+	79
3193	-	79
3884	-	79
5862	-	79
2091	+	78
3466	-	78
271	+	77
1734	+	77
2375	+	77
4288	-	77
6406	+	77
1706	+	76
2376	+	76
2471	-	76
2678	-	76
2833	+	76
3387	+	76
4742	+	76
6430	-	76
684	-	75
2025	-	75
2074	-	75
2707	+	75
3182	-	75
3412	+	75
3558	-	75
3598	-	75
5290	+	75
6392	+	75
6607	-	75
3232	-	74
4715	+	74
5587	+	74
5637	+	74
1171	+	73
2231	+	73
2721	+	73
3130	-	73
4098	+	73
5028	-	73
5241	+	73
6329	+	73
464	-	72
1177	+	72
1277	-	72
2470	-	72
3222	-	72
3693	+	72
4038	+	72
5571	+	72
5702	+	72
388	-	71
783	+	71
2560	-	71
5484	-	71
6492	-	71
325	+	70
602	+	70
4021	+	70
6435	-	70
3524	-	69
3952	-	69
4446	-	69
4635	+	69
4821	+	69
50	+	68
1672	+	68
2353	+	68
3659	+	68
3757	+	68
4848	+	68
5682	+	68
3338	+	67
3706	+	67
3833	+	67
4452	-	67
5766	+	67
5859	-	67
717	-	66
1451	-	66
2068	-	66
4455	-	66
2315	+	65
2329	+	65
2940	-	65
5173	+	65
195	+	64
526	-	64
643	+	64
665	-	64
1453	-	64
2856	+	64
2920	-	64
6408	+	64
6631	-	64
239	+	63
251	+	63
1112	+	63
1562	-	63
5362	-	63
6687	+	63
2688	+	62
4562	-	62
4965	-	62
5641	+	62
270	+	61
761	-	61
1768	+	61
3980	-	61
5077	-	61
5215	+	61
5405	-	61
6409	+	61
462	-	60
1728	+	60
2889	-	60
3234	-	60
4683	+	60
5333	+	60
6042	-	60
58	+	59
165	+	59
2214	+	59
2547	-	59
3055	+	59
3727	+	59
4294	-	59
4834	+	59
4937	-	59
5302	+	59
769	+	58
1567	-	58
2302	+	58
2463	-	58
2538	-	58
6565	-	58
66	-	56
1691	+	56
2428	-	56
3163	-	56
4186	+	56
6035	-	56
6419	-	56
1777	+	55
1789	-	55
1834	-	55
3248	-	55
3834	+	55
5924	-	55
410	-	54
1354	-	54
2970	-	54
3107	+	54
3128	-	54
3892	-	54
174	+	53
1208	-	53
1406	-	53
1475	-	53
1940	-	53
2022	-	53
2612	-	53
2735	+	53
3465	-	53
4329	-	53
6264	+	53
301	+	52
2702	+	52
2936	-	52
3243	-	52
4190	+	52
5108	+	52
6496	-	52
192	+	51
1024	+	51
1032	+	51
1041	+	51
2007	+	51
4276	+	51
6105	-	51
6199	+	51
6417	-	51
45	+	50
751	-	50
2010	+	50
2245	+	50
5681	+	50
7	+	49
62	-	49
595	+	49
1196	-	49
1303	-	49
3220	-	49
3651	-	49
4159	+	49
5643	+	49
6398	+	49
1640	+	48
2545	-	48
3585	-	48
4952	-	48
5053	-	48
5065	-	48
6062	-	48
1654	+	47
2212	+	47
3127	-	47
3700	+	47
4357	-	47
6452	-	47
29	+	46
309	+	46
3257	+	46
3988	-	46
4198	+	46
4896	-	46
5326	+	46
6293	+	46
6571	-	46
339	-	45
1615	-	45
1953	+	45
2906	-	45
3462	+	45
4443	-	45
5654	+	45
6234	+	45
1696	+	44
1954	+	44
2859	+	44
4813	+	44
5919	-	44
2810	+	43
2898	-	43
4064	+	43
5316	+	43
5526	-	43
5579	+	43
5834	+	43
1227	-	42
1692	+	42
1969	+	42
2291	+	42
5626	+	42
6675	+	42
1621	+	41
2449	-	41
3931	-	41
4281	+	41
5330	+	41
5799	+	41
5993	-	41
896	+	40
899	+	40
1729	+	40
3723	+	40
3796	+	40
4012	+	40
4326	-	40
4675	+	40
5842	+	40
5882	-	40
6166	+	40
6552	-	40
277	+	39
3259	+	39
3416	+	39
4280	+	39
4492	-	39
4512	-	39
73	-	38
488	-	38
2151	+	38
2825	+	38
4045	+	38
4364	-	38
5853	+	38
705	-	37
2196	+	37
3689	+	37
4191	+	37
4570	-	37
6102	-	37
1648	+	36
1779	+	36
1804	-	36
1887	-	36
2268	+	36
2724	+	36
4730	+	36
5138	+	36
5433	-	36
5456	-	36
6503	-	36
56	+	35
275	+	35
1191	-	35
1222	-	35
1508	-	35
1612	-	35
3296	+	35
3420	+	35
3938	-	35
6532	-	35
6632	-	35
1795	-	34
2233	+	34
2745	+	34
4250	+	34
4295	-	34
4714	+	34
5431	-	34
6116	-	34
335	+	33
419	-	33
432	-	33
710	-	33
1701	+	33
3347	+	33
3604	-	33
5109	+	33
6660	-	33
2433	-	32
3307	+	32
4360	-	32
5236	+	32
6034	-	32
414	-	31
856	+	31
1029	+	31
2300	+	31
2746	+	31
3001	-	31
3477	-	31
3496	-	31
3858	-	31
4558	-	31
48	+	30
656	+	30
2549	-	30
2962	-	30
4299	-	30
4542	-	30
4678	+	30
6020	-	30
123	+	29
154	+	29
1438	-	29
2393	+	29
2854	+	29
2978	-	29
3312	+	29
4918	-	29
5164	+	29
5366	-	29
5499	-	29
6513	-	29
2366	+	28
2877	-	28
3059	+	28
3210	-	28
4114	+	28
4425	-	28
4978	-	28
5003	-	28
770	+	27
1592	-	27
4785	+	27
5192	+	27
6663	-	27
160	+	26
1622	+	26
1625	+	26
1808	-	26
3241	-	26
3583	-	26
4290	-	26
4412	-	26
4417	-	26
5559	+	26
199	+	25
250	+	25
532	-	25
952	+	25
3240	-	25
4976	-	25
6351	+	25
142	+	24
269	+	24
954	+	24
2102	+	24
2730	+	24
3283	+	24
5190	+	24
5733	+	24
5833	+	24
6083	-	24
6683	+	24
365	-	23
547	-	23
1320	-	23
1547	-	23
1780	+	23
1945	-	23
3380	+	23
3868	-	23
3872	-	23
4046	+	23
4301	-	23
4629	+	23
4692	+	23
4925	-	23
661	+	22
946	+	22
2446	-	22
3049	+	22
4877	-	22
5709	+	22
6617	-	22
230	+	21
708	-	21
1466	-	21
1957	+	21
2006	+	21
2072	-	21
2417	-	21
2642	-	21
3492	-	21
3957	-	21
5840	+	21
21	+	20
158	+	20
785	+	20
1111	+	20
1778	+	20
1846	-	20
2326	+	20
2421	-	20
4399	-	20
4423	-	20
5179	+	20
5543	+	20
5640	+	20
5747	+	20
5959	-	20
6113	-	20
6583	-	20
592	+	19
1063	+	19
1325	-	19
1720	+	19
2434	-	19
2555	-	19
2814	+	19
4419	-	19
6659	-	19
38	+	18
113	-	18
562	-	18
1980	+	18
2483	-	18
3429	+	18
4206	+	18
4221	+	18
4489	-	18
4677	+	18
4751	+	18
4849	+	18
5448	-	18
5590	+	18
5739	+	18
6416	-	18
112	-	17
326	+	17
451	-	17
1775	+	17
2130	+	17
2823	+	17
3657	+	17
4049	+	17
4160	+	17
4346	-	17
4587	-	17
5159	+	17
5204	+	17
5235	+	17
5544	+	17
5672	+	17
5847	+	17
6104	-	17
6609	-	17
614	+	16
650	+	16
904	+	16
1771	+	16
2111	+	16
2862	-	16
3054	+	16
3072	+	16
3082	+	16
3483	-	16
3652	-	16
3865	-	16
3969	-	16
5095	-	16
5735	+	16
6133	-	16
6148	+	16
6538	-	16
6635	-	16
724	-	15
1845	-	15
2308	+	15
2333	+	15
2632	-	15
2828	+	15
3457	+	15
3793	+	15
4474	-	15
4563	-	15
4929	-	15
4967	-	15
5225	+	15
5723	+	15
6139	-	15
6620	-	15
5	+	14
155	+	14
366	-	14
2029	-	14
2394	+	14
2690	+	14
2720	+	14
3040	+	14
3090	+	14
3091	+	14
3351	+	14
3467	-	14
3928	-	14
3959	-	14
4368	-	14
4584	-	14
5202	+	14
5396	-	14
5617	+	14
5636	+	14
5722	+	14
6658	-	14
272	+	13
349	-	13
1182	-	13
1740	+	13
1999	+	13
2048	-	13
2101	+	13
2701	+	13
2868	-	13
2967	-	13
2974	-	13
5029	-	13
5956	-	13
6391	+	13
6470	-	13
246	+	12
468	-	12
522	-	12
670	-	12
792	+	12
907	+	12
912	+	12
1538	-	12
2298	+	12
2694	+	12
3118	+	12
3327	+	12
3451	+	12
4689	+	12
4953	-	12
5525	-	12
5545	+	12
5949	-	12
298	+	11
415	-	11
498	-	11
593	+	11
700	-	11
1230	-	11
1276	-	11
2049	-	11
2277	+	11
2498	-	11
2938	-	11
3204	-	11
3498	-	11
4014	+	11
4083	+	11
4526	-	11
4696	+	11
4738	+	11
5007	-	11
5140	+	11
5271	+	11
6499	-	11
6548	-	11
6599	-	11
121	+	10
523	-	10
1136	+	10
1213	-	10
1558	-	10
1632	+	10
1735	+	10
1976	+	10
3730	+	10
3750	+	10
4836	+	10
5070	-	10
5460	-	10
5655	+	10
6146	+	10
6414	-	10
6485	-	10
138	+	9
241	+	9
338	-	9
664	-	9
738	-	9
1220	-	9
1376	-	9
1463	-	9
1877	-	9
2000	+	9
2024	-	9
2094	+	9
2220	+	9
2275	+	9
2559	-	9
2582	-	9
2657	-	9
2907	-	9
2968	-	9
3217	-	9
3543	-	9
3973	-	9
4279	+	9
4286	-	9
4322	-	9
4511	-	9
4540	-	9
4808	+	9
5107	+	9
5260	+	9
5489	-	9
5715	+	9
6121	-	9
6544	-	9
6587	-	9
6629	-	9
233	+	8
613	+	8
754	-	8
1180	+	8
1305	-	8
1309	-	8
1471	-	8
1619	-	8
2012	+	8
2089	-	8
2092	+	8
2096	+	8
2123	+	8
2166	+	8
2223	+	8
2273	+	8
2530	-	8
2577	-	8
2589	-	8
2890	-	8
2981	-	8
3002	-	8
3133	-	8
3360	+	8
4359	-	8
4508	-	8
4585	-	8
4868	-	8
4921	-	8
5088	-	8
5094	-	8
5277	+	8
5529	-	8
5536	-	8
5962	-	8
6026	-	8
6057	-	8
65	-	7
67	-	7
117	-	7
336	+	7
659	+	7
1075	+	7
1395	-	7
1436	-	7
1606	-	7
1607	-	7
1716	+	7
1784	-	7
1866	-	7
1902	-	7
1948	+	7
1952	+	7
1963	+	7
2023	-	7
2369	+	7
2496	-	7
2684	+	7
2851	+	7
3009	+	7
3174	-	7
3469	-	7
3766	+	7
3897	-	7
4011	+	7
5087	-	7
5098	-	7
5122	+	7
5175	+	7
5535	-	7
5546	+	7
5845	+	7
6119	-	7
6321	+	7
6462	-	7
6589	-	7
114	-	6
221	+	6
511	-	6
715	-	6
746	-	6
768	+	6
969	+	6
994	+	6
1107	+	6
1522	-	6
1570	-	6
1597	-	6
1613	-	6
1636	+	6
1823	-	6
1919	-	6
2047	-	6
2695	+	6
2747	+	6
2750	+	6
2772	+	6
2800	+	6
3237	-	6
3303	+	6
3464	-	6
3714	+	6
3745	+	6
3760	+	6
4003	+	6
4005	+	6
4147	+	6
4211	+	6
4398	-	6
4521	-	6
4589	+	6
4809	+	6
5278	+	6
5560	+	6
5920	-	6
6202	+	6
202	+	5
215	+	5
347	-	5
575	-	5
781	+	5
799	+	5
843	+	5
844	+	5
1233	-	5
1265	-	5
1736	+	5
1759	+	5
1810	-	5
1814	-	5
1821	-	5
1856	-	5
1867	-	5
1978	+	5
2087	-	5
2136	+	5
2346	+	5
2406	-	5
2439	-	5
2441	-	5
2706	+	5
2892	-	5
2923	-	5
2937	-	5
3251	+	5
3285	+	5
3287	+	5
3475	-	5
3480	-	5
3599	-	5
4084	+	5
4108	+	5
4109	+	5
4110	+	5
4178	+	5
4187	+	5
4204	+	5
4330	-	5
4533	-	5
4588	-	5
4590	+	5
4764	+	5
4859	-	5
4894	-	5
4998	-	5
5018	-	5
5085	-	5
5165	+	5
5384	-	5
5549	+	5
5585	+	5
5899	-	5
5966	-	5
6145	-	5
6226	+	5
6272	+	5
6385	+	5
6455	-	5
6510	-	5
6521	-	5
6623	-	5
6648	-	5
6652	-	5
6688	+	5
16	+	4
120	+	4
152	+	4
179	+	4
436	-	4
585	+	4
628	+	4
719	-	4
988	+	4
1162	+	4
1287	-	4
1346	-	4
1422	-	4
1450	-	4
1614	-	4
1620	+	4
1715	+	4
1724	+	4
1762	+	4
1785	-	4
1917	-	4
2077	-	4
2367	+	4
2513	-	4
2619	-	4
3065	+	4
3194	-	4
3231	-	4
3277	+	4
3361	+	4
3379	+	4
3409	+	4
3413	+	4
3701	+	4
3861	-	4
3901	-	4
4002	-	4
4065	+	4
4077	+	4
4241	+	4
4537	-	4
4607	+	4
4637	+	4
4670	+	4
4687	+	4
4798	+	4
4876	-	4
4880	-	4
4991	-	4
5144	+	4
5319	+	4
5404	-	4
5417	-	4
5476	-	4
5488	-	4
5508	-	4
5528	-	4
5664	+	4
5854	+	4
5864	-	4
6141	-	4
6165	+	4
6260	+	4
6450	-	4
6560	-	4
54	+	3
63	-	3
116	-	3
157	+	3
206	+	3
594	+	3
630	+	3
660	+	3
692	-	3
840	+	3
909	+	3
999	+	3
1067	+	3
1083	+	3
1260	-	3
1313	-	3
1412	-	3
1431	-	3
1527	-	3
1544	-	3
1618	-	3
1629	+	3
1748	+	3
1807	-	3
1809	-	3
1828	-	3
1941	-	3
1947	-	3
1949	+	3
1956	+	3
1961	+	3
2095	+	3
2383	+	3
2454	-	3
2485	-	3
2497	-	3
2503	-	3
2666	-	3
2728	+	3
2960	-	3
2989	-	3
3008	-	3
3016	+	3
3060	+	3
3122	+	3
3126	-	3
3144	-	3
3149	-	3
3233	-	3
3256	+	3
3286	+	3
3357	+	3
3365	+	3
3562	-	3
3567	-	3
3765	+	3
3799	+	3
3815	+	3
4004	+	3
4140	+	3
4222	+	3
4230	+	3
4386	-	3
4557	-	3
4586	-	3
4616	+	3
4845	+	3
4873	-	3
4889	-	3
4906	-	3
4949	-	3
4988	-	3
5055	-	3
5099	-	3
5103	+	3
5115	+	3
5135	+	3
5206	+	3
5228	+	3
5233	+	3
5691	+	3
5757	+	3
5801	+	3
5816	+	3
6031	-	3
6114	-	3
6147	+	3
6215	+	3
6222	+	3
6279	+	3
6343	+	3
6443	-	3
6491	-	3
6524	-	3
6578	-	3
6661	-	3
6	+	2
25	+	2
68	-	2
88	-	2
125	+	2
177	+	2
348	-	2
542	-	2
569	-	2
579	-	2
648	+	2
811	+	2
865	+	2
875	+	2
876	+	2
919	+	2
997	+	2
1019	+	2
1172	+	2
1259	-	2
1312	-	2
1697	+	2
1750	+	2
1787	-	2
1836	-	2
1909	-	2
2157	+	2
2211	+	2
2339	+	2
2519	-	2
2536	-	2
2679	-	2
2683	-	2
2704	+	2
2709	+	2
2768	+	2
2829	+	2
2987	-	2
3039	+	2
3061	+	2
3062	+	2
3110	+	2
3216	-	2
3295	+	2
3332	+	2
3333	+	2
3348	+	2
3355	+	2
3433	+	2
3461	+	2
3544	-	2
3566	-	2
3571	-	2
3592	-	2
3717	+	2
3878	-	2
4029	+	2
4106	+	2
4112	+	2
4124	+	2
4210	+	2
4268	+	2
4277	+	2
4314	-	2
4476	-	2
4479	-	2
4723	+	2
4769	+	2
4832	+	2
4900	-	2
5281	+	2
5331	+	2
5445	-	2
5491	-	2
5539	-	2
5541	+	2
5674	+	2
5745	+	2
5813	+	2
5978	-	2
6076	-	2
6125	-	2
6143	-	2
6144	-	2
6297	+	2
6298	+	2
6312	+	2
6313	+	2
6405	+	2
6454	-	2
6618	-	2
6642	-	2
6664	-	2
6692	+	2
74	-	1
77	-	1
96	-	1
98	-	1
118	-	1
139	+	1
210	+	1
268	+	1
357	-	1
516	-	1
577	-	1
615	+	1
742	-	1
771	+	1
818	+	1
862	+	1
874	+	1
949	+	1
1125	+	1
1134	+	1
1170	+	1
1183	-	1
1214	-	1
1226	-	1
1304	-	1
1403	-	1
1434	-	1
1514	-	1
1551	-	1
1584	-	1
1757	+	1
1783	-	1
1817	-	1
1820	-	1
1832	-	1
1868	-	1
1874	-	1
1878	-	1
1885	-	1
1933	-	1
1979	+	1
2040	-	1
2146	+	1
2178	+	1
2232	+	1
2321	+	1
2345	+	1
2364	+	1
2392	+	1
2402	-	1
2414	-	1
2482	-	1
2488	-	1
2514	-	1
2647	-	1
2664	-	1
2680	-	1
2689	+	1
2796	+	1
2852	+	1
2853	+	1
2865	-	1
2943	-	1
2971	-	1
2988	-	1
2994	-	1
3048	+	1
3081	+	1
3114	+	1
3120	+	1
3124	+	1
3132	-	1
3164	-	1
3198	-	1
3235	-	1
3280	+	1
3649	-	1
3667	+	1
3678	+	1
3856	-	1
3904	-	1
3910	-	1
3968	-	1
4039	+	1
4107	+	1
4111	+	1
4116	+	1
4175	+	1
4194	+	1
4202	+	1
4240	+	1
4310	-	1
4411	-	1
4482	-	1
4490	-	1
4504	-	1
4560	-	1
4567	-	1
4573	-	1
4578	-	1
4609	+	1
4614	+	1
4740	+	1
4807	+	1
5102	+	1
5104	+	1
5105	+	1
5111	+	1
5147	+	1
5254	+	1
5295	+	1
5501	-	1
5547	+	1
5625	+	1
5652	+	1
5665	+	1
5744	+	1
5775	+	1
5788	+	1
5839	+	1
5852	+	1
5856	-	1
5858	-	1
5881	-	1
5917	-	1
5985	-	1
5995	-	1
5999	-	1
6009	-	1
6012	-	1
6040	-	1
6091	-	1
6193	+	1
6335	+	1
6421	-	1
6498	-	1
6641	-	1
