	k_init	k_transcription	k_deadenylation	n_mrna_0	k_cleave_no_hit	k_cleave_5_hit	k_cleave_3_hit	k_cleave_both_hit	cleave_model	cleave_rate	n_stall	x_stall	k_elong_stall	k_preterm_no_hit_intact	k_preterm_5_hit_intact	k_preterm_3_hit_intact	k_preterm_both_hit_intact	preterm_intact_model	preterm_intact_rate
0	0.00390625	0.0	0.0	1	0	0	0	0	simple	0	6	400,401,402,403,404,405	0.12,0.12,0.12,0.12,0.12,0.12	0.0	0.0	0.0	0.0	trafficjam	0.0
1	0.00390625	0.0	0.0	1	0	0	0	0	simple	0	6	400,401,402,403,404,405	0.12,0.12,0.12,0.12,0.12,0.12	0.01	0.01	0.0	0.0	simple	0.01
2	0.00390625	0.0	0.0	1	0	0	0	0	simple	0	6	400,401,402,403,404,405	0.12,0.12,0.12,0.12,0.12,0.12	0.02	0.02	0.0	0.0	simple	0.02
3	0.00390625	0.0	0.0	1	0	0	0	0	simple	0	6	400,401,402,403,404,405	0.12,0.12,0.12,0.12,0.12,0.12	0.0	0.02	0.0	0.02	hit5	0.02
4	0.00390625	0.0	0.0	1	0	0	0	0	simple	0	6	400,401,402,403,404,405	0.12,0.12,0.12,0.12,0.12,0.12	0.0	0.0	0.02	0.02	hit3	0.02
5	0.00390625	0.0	0.0	1	0	0	0	0	simple	0	6	400,401,402,403,404,405	0.12,0.12,0.12,0.12,0.12,0.12	0.05	0.05	0.0	0.0	simple	0.05
6	0.00390625	0.0	0.0	1	0	0	0	0	simple	0	6	400,401,402,403,404,405	0.12,0.12,0.12,0.12,0.12,0.12	0.1	0.1	0.0	0.0	simple	0.1
7	0.00390625	0.0	0.0	1	0	0	0	0	simple	0	6	400,401,402,403,404,405	0.12,0.12,0.12,0.12,0.12,0.12	0.0	0.1	0.0	0.1	hit5	0.1
8	0.00390625	0.0	0.0	1	0	0	0	0	simple	0	6	400,401,402,403,404,405	0.12,0.12,0.12,0.12,0.12,0.12	0.0	0.0	0.1	0.1	hit3	0.1
9	0.00390625	0.0	0.0	1	0	0	0	0	simple	0	6	400,401,402,403,404,405	0.12,0.12,0.12,0.12,0.12,0.12	0.0	0.5	0.0	0.5	hit5	0.5
10	0.00390625	0.0	0.0	1	0	0	0	0	simple	0	6	400,401,402,403,404,405	0.12,0.12,0.12,0.12,0.12,0.12	0.0	0.0	0.5	0.5	hit3	0.5
11	0.00390625	0.0	0.0	1	0	0	0	0	simple	0	6	400,401,402,403,404,405	0.12,0.12,0.12,0.12,0.12,0.12	0.0	1.0	0.0	1.0	hit5	1.0
12	0.00390625	0.0	0.0	1	0	0	0	0	simple	0	6	400,401,402,403,404,405	0.12,0.12,0.12,0.12,0.12,0.12	0.0	0.0	1.0	1.0	hit3	1.0
13	0.00390625	0.0	0.0	1	0	0	0	0	simple	0	6	400,401,402,403,404,405	0.12,0.12,0.12,0.12,0.12,0.12	0.0	4.0	0.0	4.0	hit5	4.0
14	0.00390625	0.0	0.0	1	0	0	0	0	simple	0	6	400,401,402,403,404,405	0.12,0.12,0.12,0.12,0.12,0.12	0.0	0.0	4.0	4.0	hit3	4.0
15	0.00390625	0.0	0.0	1	0	0	0	0	simple	0	6	400,401,402,403,404,405	0.6,0.6,0.6,0.6,0.6,0.6	0.0	0.0	0.0	0.0	trafficjam	0.0
16	0.00390625	0.0	0.0	1	0	0	0	0	simple	0	6	400,401,402,403,404,405	0.6,0.6,0.6,0.6,0.6,0.6	0.01	0.01	0.0	0.0	simple	0.01
17	0.00390625	0.0	0.0	1	0	0	0	0	simple	0	6	400,401,402,403,404,405	0.6,0.6,0.6,0.6,0.6,0.6	0.02	0.02	0.0	0.0	simple	0.02
18	0.00390625	0.0	0.0	1	0	0	0	0	simple	0	6	400,401,402,403,404,405	0.6,0.6,0.6,0.6,0.6,0.6	0.0	0.02	0.0	0.02	hit5	0.02
19	0.00390625	0.0	0.0	1	0	0	0	0	simple	0	6	400,401,402,403,404,405	0.6,0.6,0.6,0.6,0.6,0.6	0.0	0.0	0.02	0.02	hit3	0.02
20	0.00390625	0.0	0.0	1	0	0	0	0	simple	0	6	400,401,402,403,404,405	0.6,0.6,0.6,0.6,0.6,0.6	0.05	0.05	0.0	0.0	simple	0.05
21	0.00390625	0.0	0.0	1	0	0	0	0	simple	0	6	400,401,402,403,404,405	0.6,0.6,0.6,0.6,0.6,0.6	0.1	0.1	0.0	0.0	simple	0.1
22	0.00390625	0.0	0.0	1	0	0	0	0	simple	0	6	400,401,402,403,404,405	0.6,0.6,0.6,0.6,0.6,0.6	0.0	0.1	0.0	0.1	hit5	0.1
23	0.00390625	0.0	0.0	1	0	0	0	0	simple	0	6	400,401,402,403,404,405	0.6,0.6,0.6,0.6,0.6,0.6	0.0	0.0	0.1	0.1	hit3	0.1
24	0.00390625	0.0	0.0	1	0	0	0	0	simple	0	6	400,401,402,403,404,405	0.6,0.6,0.6,0.6,0.6,0.6	0.0	0.5	0.0	0.5	hit5	0.5
25	0.00390625	0.0	0.0	1	0	0	0	0	simple	0	6	400,401,402,403,404,405	0.6,0.6,0.6,0.6,0.6,0.6	0.0	0.0	0.5	0.5	hit3	0.5
26	0.00390625	0.0	0.0	1	0	0	0	0	simple	0	6	400,401,402,403,404,405	0.6,0.6,0.6,0.6,0.6,0.6	0.0	1.0	0.0	1.0	hit5	1.0
27	0.00390625	0.0	0.0	1	0	0	0	0	simple	0	6	400,401,402,403,404,405	0.6,0.6,0.6,0.6,0.6,0.6	0.0	0.0	1.0	1.0	hit3	1.0
28	0.00390625	0.0	0.0	1	0	0	0	0	simple	0	6	400,401,402,403,404,405	0.6,0.6,0.6,0.6,0.6,0.6	0.0	4.0	0.0	4.0	hit5	4.0
29	0.00390625	0.0	0.0	1	0	0	0	0	simple	0	6	400,401,402,403,404,405	0.6,0.6,0.6,0.6,0.6,0.6	0.0	0.0	4.0	4.0	hit3	4.0
30	0.00390625	0.0	0.0	1	0	0	0	0	simple	0	6	400,401,402,403,404,405	3.0,3.0,3.0,3.0,3.0,3.0	0.0	0.0	0.0	0.0	trafficjam	0.0
31	0.00390625	0.0	0.0	1	0	0	0	0	simple	0	6	400,401,402,403,404,405	3.0,3.0,3.0,3.0,3.0,3.0	0.01	0.01	0.0	0.0	simple	0.01
32	0.00390625	0.0	0.0	1	0	0	0	0	simple	0	6	400,401,402,403,404,405	3.0,3.0,3.0,3.0,3.0,3.0	0.02	0.02	0.0	0.0	simple	0.02
33	0.00390625	0.0	0.0	1	0	0	0	0	simple	0	6	400,401,402,403,404,405	3.0,3.0,3.0,3.0,3.0,3.0	0.0	0.02	0.0	0.02	hit5	0.02
34	0.00390625	0.0	0.0	1	0	0	0	0	simple	0	6	400,401,402,403,404,405	3.0,3.0,3.0,3.0,3.0,3.0	0.0	0.0	0.02	0.02	hit3	0.02
35	0.00390625	0.0	0.0	1	0	0	0	0	simple	0	6	400,401,402,403,404,405	3.0,3.0,3.0,3.0,3.0,3.0	0.05	0.05	0.0	0.0	simple	0.05
36	0.00390625	0.0	0.0	1	0	0	0	0	simple	0	6	400,401,402,403,404,405	3.0,3.0,3.0,3.0,3.0,3.0	0.1	0.1	0.0	0.0	simple	0.1
37	0.00390625	0.0	0.0	1	0	0	0	0	simple	0	6	400,401,402,403,404,405	3.0,3.0,3.0,3.0,3.0,3.0	0.0	0.1	0.0	0.1	hit5	0.1
38	0.00390625	0.0	0.0	1	0	0	0	0	simple	0	6	400,401,402,403,404,405	3.0,3.0,3.0,3.0,3.0,3.0	0.0	0.0	0.1	0.1	hit3	0.1
39	0.00390625	0.0	0.0	1	0	0	0	0	simple	0	6	400,401,402,403,404,405	3.0,3.0,3.0,3.0,3.0,3.0	0.0	0.5	0.0	0.5	hit5	0.5
40	0.00390625	0.0	0.0	1	0	0	0	0	simple	0	6	400,401,402,403,404,405	3.0,3.0,3.0,3.0,3.0,3.0	0.0	0.0	0.5	0.5	hit3	0.5
41	0.00390625	0.0	0.0	1	0	0	0	0	simple	0	6	400,401,402,403,404,405	3.0,3.0,3.0,3.0,3.0,3.0	0.0	1.0	0.0	1.0	hit5	1.0
42	0.00390625	0.0	0.0	1	0	0	0	0	simple	0	6	400,401,402,403,404,405	3.0,3.0,3.0,3.0,3.0,3.0	0.0	0.0	1.0	1.0	hit3	1.0
43	0.00390625	0.0	0.0	1	0	0	0	0	simple	0	6	400,401,402,403,404,405	3.0,3.0,3.0,3.0,3.0,3.0	0.0	4.0	0.0	4.0	hit5	4.0
44	0.00390625	0.0	0.0	1	0	0	0	0	simple	0	6	400,401,402,403,404,405	3.0,3.0,3.0,3.0,3.0,3.0	0.0	0.0	4.0	4.0	hit3	4.0
45	0.0078125	0.0	0.0	1	0	0	0	0	simple	0	6	400,401,402,403,404,405	0.12,0.12,0.12,0.12,0.12,0.12	0.0	0.0	0.0	0.0	trafficjam	0.0
46	0.0078125	0.0	0.0	1	0	0	0	0	simple	0	6	400,401,402,403,404,405	0.12,0.12,0.12,0.12,0.12,0.12	0.01	0.01	0.0	0.0	simple	0.01
47	0.0078125	0.0	0.0	1	0	0	0	0	simple	0	6	400,401,402,403,404,405	0.12,0.12,0.12,0.12,0.12,0.12	0.02	0.02	0.0	0.0	simple	0.02
48	0.0078125	0.0	0.0	1	0	0	0	0	simple	0	6	400,401,402,403,404,405	0.12,0.12,0.12,0.12,0.12,0.12	0.0	0.02	0.0	0.02	hit5	0.02
49	0.0078125	0.0	0.0	1	0	0	0	0	simple	0	6	400,401,402,403,404,405	0.12,0.12,0.12,0.12,0.12,0.12	0.0	0.0	0.02	0.02	hit3	0.02
50	0.0078125	0.0	0.0	1	0	0	0	0	simple	0	6	400,401,402,403,404,405	0.12,0.12,0.12,0.12,0.12,0.12	0.05	0.05	0.0	0.0	simple	0.05
51	0.0078125	0.0	0.0	1	0	0	0	0	simple	0	6	400,401,402,403,404,405	0.12,0.12,0.12,0.12,0.12,0.12	0.1	0.1	0.0	0.0	simple	0.1
52	0.0078125	0.0	0.0	1	0	0	0	0	simple	0	6	400,401,402,403,404,405	0.12,0.12,0.12,0.12,0.12,0.12	0.0	0.1	0.0	0.1	hit5	0.1
53	0.0078125	0.0	0.0	1	0	0	0	0	simple	0	6	400,401,402,403,404,405	0.12,0.12,0.12,0.12,0.12,0.12	0.0	0.0	0.1	0.1	hit3	0.1
54	0.0078125	0.0	0.0	1	0	0	0	0	simple	0	6	400,401,402,403,404,405	0.12,0.12,0.12,0.12,0.12,0.12	0.0	0.5	0.0	0.5	hit5	0.5
55	0.0078125	0.0	0.0	1	0	0	0	0	simple	0	6	400,401,402,403,404,405	0.12,0.12,0.12,0.12,0.12,0.12	0.0	0.0	0.5	0.5	hit3	0.5
56	0.0078125	0.0	0.0	1	0	0	0	0	simple	0	6	400,401,402,403,404,405	0.12,0.12,0.12,0.12,0.12,0.12	0.0	1.0	0.0	1.0	hit5	1.0
57	0.0078125	0.0	0.0	1	0	0	0	0	simple	0	6	400,401,402,403,404,405	0.12,0.12,0.12,0.12,0.12,0.12	0.0	0.0	1.0	1.0	hit3	1.0
58	0.0078125	0.0	0.0	1	0	0	0	0	simple	0	6	400,401,402,403,404,405	0.12,0.12,0.12,0.12,0.12,0.12	0.0	4.0	0.0	4.0	hit5	4.0
59	0.0078125	0.0	0.0	1	0	0	0	0	simple	0	6	400,401,402,403,404,405	0.12,0.12,0.12,0.12,0.12,0.12	0.0	0.0	4.0	4.0	hit3	4.0
60	0.0078125	0.0	0.0	1	0	0	0	0	simple	0	6	400,401,402,403,404,405	0.6,0.6,0.6,0.6,0.6,0.6	0.0	0.0	0.0	0.0	trafficjam	0.0
61	0.0078125	0.0	0.0	1	0	0	0	0	simple	0	6	400,401,402,403,404,405	0.6,0.6,0.6,0.6,0.6,0.6	0.01	0.01	0.0	0.0	simple	0.01
62	0.0078125	0.0	0.0	1	0	0	0	0	simple	0	6	400,401,402,403,404,405	0.6,0.6,0.6,0.6,0.6,0.6	0.02	0.02	0.0	0.0	simple	0.02
63	0.0078125	0.0	0.0	1	0	0	0	0	simple	0	6	400,401,402,403,404,405	0.6,0.6,0.6,0.6,0.6,0.6	0.0	0.02	0.0	0.02	hit5	0.02
64	0.0078125	0.0	0.0	1	0	0	0	0	simple	0	6	400,401,402,403,404,405	0.6,0.6,0.6,0.6,0.6,0.6	0.0	0.0	0.02	0.02	hit3	0.02
65	0.0078125	0.0	0.0	1	0	0	0	0	simple	0	6	400,401,402,403,404,405	0.6,0.6,0.6,0.6,0.6,0.6	0.05	0.05	0.0	0.0	simple	0.05
66	0.0078125	0.0	0.0	1	0	0	0	0	simple	0	6	400,401,402,403,404,405	0.6,0.6,0.6,0.6,0.6,0.6	0.1	0.1	0.0	0.0	simple	0.1
67	0.0078125	0.0	0.0	1	0	0	0	0	simple	0	6	400,401,402,403,404,405	0.6,0.6,0.6,0.6,0.6,0.6	0.0	0.1	0.0	0.1	hit5	0.1
68	0.0078125	0.0	0.0	1	0	0	0	0	simple	0	6	400,401,402,403,404,405	0.6,0.6,0.6,0.6,0.6,0.6	0.0	0.0	0.1	0.1	hit3	0.1
69	0.0078125	0.0	0.0	1	0	0	0	0	simple	0	6	400,401,402,403,404,405	0.6,0.6,0.6,0.6,0.6,0.6	0.0	0.5	0.0	0.5	hit5	0.5
70	0.0078125	0.0	0.0	1	0	0	0	0	simple	0	6	400,401,402,403,404,405	0.6,0.6,0.6,0.6,0.6,0.6	0.0	0.0	0.5	0.5	hit3	0.5
71	0.0078125	0.0	0.0	1	0	0	0	0	simple	0	6	400,401,402,403,404,405	0.6,0.6,0.6,0.6,0.6,0.6	0.0	1.0	0.0	1.0	hit5	1.0
72	0.0078125	0.0	0.0	1	0	0	0	0	simple	0	6	400,401,402,403,404,405	0.6,0.6,0.6,0.6,0.6,0.6	0.0	0.0	1.0	1.0	hit3	1.0
73	0.0078125	0.0	0.0	1	0	0	0	0	simple	0	6	400,401,402,403,404,405	0.6,0.6,0.6,0.6,0.6,0.6	0.0	4.0	0.0	4.0	hit5	4.0
74	0.0078125	0.0	0.0	1	0	0	0	0	simple	0	6	400,401,402,403,404,405	0.6,0.6,0.6,0.6,0.6,0.6	0.0	0.0	4.0	4.0	hit3	4.0
75	0.0078125	0.0	0.0	1	0	0	0	0	simple	0	6	400,401,402,403,404,405	3.0,3.0,3.0,3.0,3.0,3.0	0.0	0.0	0.0	0.0	trafficjam	0.0
76	0.0078125	0.0	0.0	1	0	0	0	0	simple	0	6	400,401,402,403,404,405	3.0,3.0,3.0,3.0,3.0,3.0	0.01	0.01	0.0	0.0	simple	0.01
77	0.0078125	0.0	0.0	1	0	0	0	0	simple	0	6	400,401,402,403,404,405	3.0,3.0,3.0,3.0,3.0,3.0	0.02	0.02	0.0	0.0	simple	0.02
78	0.0078125	0.0	0.0	1	0	0	0	0	simple	0	6	400,401,402,403,404,405	3.0,3.0,3.0,3.0,3.0,3.0	0.0	0.02	0.0	0.02	hit5	0.02
79	0.0078125	0.0	0.0	1	0	0	0	0	simple	0	6	400,401,402,403,404,405	3.0,3.0,3.0,3.0,3.0,3.0	0.0	0.0	0.02	0.02	hit3	0.02
80	0.0078125	0.0	0.0	1	0	0	0	0	simple	0	6	400,401,402,403,404,405	3.0,3.0,3.0,3.0,3.0,3.0	0.05	0.05	0.0	0.0	simple	0.05
81	0.0078125	0.0	0.0	1	0	0	0	0	simple	0	6	400,401,402,403,404,405	3.0,3.0,3.0,3.0,3.0,3.0	0.1	0.1	0.0	0.0	simple	0.1
82	0.0078125	0.0	0.0	1	0	0	0	0	simple	0	6	400,401,402,403,404,405	3.0,3.0,3.0,3.0,3.0,3.0	0.0	0.1	0.0	0.1	hit5	0.1
83	0.0078125	0.0	0.0	1	0	0	0	0	simple	0	6	400,401,402,403,404,405	3.0,3.0,3.0,3.0,3.0,3.0	0.0	0.0	0.1	0.1	hit3	0.1
84	0.0078125	0.0	0.0	1	0	0	0	0	simple	0	6	400,401,402,403,404,405	3.0,3.0,3.0,3.0,3.0,3.0	0.0	0.5	0.0	0.5	hit5	0.5
85	0.0078125	0.0	0.0	1	0	0	0	0	simple	0	6	400,401,402,403,404,405	3.0,3.0,3.0,3.0,3.0,3.0	0.0	0.0	0.5	0.5	hit3	0.5
86	0.0078125	0.0	0.0	1	0	0	0	0	simple	0	6	400,401,402,403,404,405	3.0,3.0,3.0,3.0,3.0,3.0	0.0	1.0	0.0	1.0	hit5	1.0
87	0.0078125	0.0	0.0	1	0	0	0	0	simple	0	6	400,401,402,403,404,405	3.0,3.0,3.0,3.0,3.0,3.0	0.0	0.0	1.0	1.0	hit3	1.0
88	0.0078125	0.0	0.0	1	0	0	0	0	simple	0	6	400,401,402,403,404,405	3.0,3.0,3.0,3.0,3.0,3.0	0.0	4.0	0.0	4.0	hit5	4.0
89	0.0078125	0.0	0.0	1	0	0	0	0	simple	0	6	400,401,402,403,404,405	3.0,3.0,3.0,3.0,3.0,3.0	0.0	0.0	4.0	4.0	hit3	4.0
90	0.015625	0.0	0.0	1	0	0	0	0	simple	0	6	400,401,402,403,404,405	0.12,0.12,0.12,0.12,0.12,0.12	0.0	0.0	0.0	0.0	trafficjam	0.0
91	0.015625	0.0	0.0	1	0	0	0	0	simple	0	6	400,401,402,403,404,405	0.12,0.12,0.12,0.12,0.12,0.12	0.01	0.01	0.0	0.0	simple	0.01
92	0.015625	0.0	0.0	1	0	0	0	0	simple	0	6	400,401,402,403,404,405	0.12,0.12,0.12,0.12,0.12,0.12	0.02	0.02	0.0	0.0	simple	0.02
93	0.015625	0.0	0.0	1	0	0	0	0	simple	0	6	400,401,402,403,404,405	0.12,0.12,0.12,0.12,0.12,0.12	0.0	0.02	0.0	0.02	hit5	0.02
94	0.015625	0.0	0.0	1	0	0	0	0	simple	0	6	400,401,402,403,404,405	0.12,0.12,0.12,0.12,0.12,0.12	0.0	0.0	0.02	0.02	hit3	0.02
95	0.015625	0.0	0.0	1	0	0	0	0	simple	0	6	400,401,402,403,404,405	0.12,0.12,0.12,0.12,0.12,0.12	0.05	0.05	0.0	0.0	simple	0.05
96	0.015625	0.0	0.0	1	0	0	0	0	simple	0	6	400,401,402,403,404,405	0.12,0.12,0.12,0.12,0.12,0.12	0.1	0.1	0.0	0.0	simple	0.1
97	0.015625	0.0	0.0	1	0	0	0	0	simple	0	6	400,401,402,403,404,405	0.12,0.12,0.12,0.12,0.12,0.12	0.0	0.1	0.0	0.1	hit5	0.1
98	0.015625	0.0	0.0	1	0	0	0	0	simple	0	6	400,401,402,403,404,405	0.12,0.12,0.12,0.12,0.12,0.12	0.0	0.0	0.1	0.1	hit3	0.1
99	0.015625	0.0	0.0	1	0	0	0	0	simple	0	6	400,401,402,403,404,405	0.12,0.12,0.12,0.12,0.12,0.12	0.0	0.5	0.0	0.5	hit5	0.5
100	0.015625	0.0	0.0	1	0	0	0	0	simple	0	6	400,401,402,403,404,405	0.12,0.12,0.12,0.12,0.12,0.12	0.0	0.0	0.5	0.5	hit3	0.5
101	0.015625	0.0	0.0	1	0	0	0	0	simple	0	6	400,401,402,403,404,405	0.12,0.12,0.12,0.12,0.12,0.12	0.0	1.0	0.0	1.0	hit5	1.0
102	0.015625	0.0	0.0	1	0	0	0	0	simple	0	6	400,401,402,403,404,405	0.12,0.12,0.12,0.12,0.12,0.12	0.0	0.0	1.0	1.0	hit3	1.0
103	0.015625	0.0	0.0	1	0	0	0	0	simple	0	6	400,401,402,403,404,405	0.12,0.12,0.12,0.12,0.12,0.12	0.0	4.0	0.0	4.0	hit5	4.0
104	0.015625	0.0	0.0	1	0	0	0	0	simple	0	6	400,401,402,403,404,405	0.12,0.12,0.12,0.12,0.12,0.12	0.0	0.0	4.0	4.0	hit3	4.0
105	0.015625	0.0	0.0	1	0	0	0	0	simple	0	6	400,401,402,403,404,405	0.6,0.6,0.6,0.6,0.6,0.6	0.0	0.0	0.0	0.0	trafficjam	0.0
106	0.015625	0.0	0.0	1	0	0	0	0	simple	0	6	400,401,402,403,404,405	0.6,0.6,0.6,0.6,0.6,0.6	0.01	0.01	0.0	0.0	simple	0.01
107	0.015625	0.0	0.0	1	0	0	0	0	simple	0	6	400,401,402,403,404,405	0.6,0.6,0.6,0.6,0.6,0.6	0.02	0.02	0.0	0.0	simple	0.02
108	0.015625	0.0	0.0	1	0	0	0	0	simple	0	6	400,401,402,403,404,405	0.6,0.6,0.6,0.6,0.6,0.6	0.0	0.02	0.0	0.02	hit5	0.02
109	0.015625	0.0	0.0	1	0	0	0	0	simple	0	6	400,401,402,403,404,405	0.6,0.6,0.6,0.6,0.6,0.6	0.0	0.0	0.02	0.02	hit3	0.02
110	0.015625	0.0	0.0	1	0	0	0	0	simple	0	6	400,401,402,403,404,405	0.6,0.6,0.6,0.6,0.6,0.6	0.05	0.05	0.0	0.0	simple	0.05
111	0.015625	0.0	0.0	1	0	0	0	0	simple	0	6	400,401,402,403,404,405	0.6,0.6,0.6,0.6,0.6,0.6	0.1	0.1	0.0	0.0	simple	0.1
112	0.015625	0.0	0.0	1	0	0	0	0	simple	0	6	400,401,402,403,404,405	0.6,0.6,0.6,0.6,0.6,0.6	0.0	0.1	0.0	0.1	hit5	0.1
113	0.015625	0.0	0.0	1	0	0	0	0	simple	0	6	400,401,402,403,404,405	0.6,0.6,0.6,0.6,0.6,0.6	0.0	0.0	0.1	0.1	hit3	0.1
114	0.015625	0.0	0.0	1	0	0	0	0	simple	0	6	400,401,402,403,404,405	0.6,0.6,0.6,0.6,0.6,0.6	0.0	0.5	0.0	0.5	hit5	0.5
115	0.015625	0.0	0.0	1	0	0	0	0	simple	0	6	400,401,402,403,404,405	0.6,0.6,0.6,0.6,0.6,0.6	0.0	0.0	0.5	0.5	hit3	0.5
116	0.015625	0.0	0.0	1	0	0	0	0	simple	0	6	400,401,402,403,404,405	0.6,0.6,0.6,0.6,0.6,0.6	0.0	1.0	0.0	1.0	hit5	1.0
117	0.015625	0.0	0.0	1	0	0	0	0	simple	0	6	400,401,402,403,404,405	0.6,0.6,0.6,0.6,0.6,0.6	0.0	0.0	1.0	1.0	hit3	1.0
118	0.015625	0.0	0.0	1	0	0	0	0	simple	0	6	400,401,402,403,404,405	0.6,0.6,0.6,0.6,0.6,0.6	0.0	4.0	0.0	4.0	hit5	4.0
119	0.015625	0.0	0.0	1	0	0	0	0	simple	0	6	400,401,402,403,404,405	0.6,0.6,0.6,0.6,0.6,0.6	0.0	0.0	4.0	4.0	hit3	4.0
120	0.015625	0.0	0.0	1	0	0	0	0	simple	0	6	400,401,402,403,404,405	3.0,3.0,3.0,3.0,3.0,3.0	0.0	0.0	0.0	0.0	trafficjam	0.0
121	0.015625	0.0	0.0	1	0	0	0	0	simple	0	6	400,401,402,403,404,405	3.0,3.0,3.0,3.0,3.0,3.0	0.01	0.01	0.0	0.0	simple	0.01
122	0.015625	0.0	0.0	1	0	0	0	0	simple	0	6	400,401,402,403,404,405	3.0,3.0,3.0,3.0,3.0,3.0	0.02	0.02	0.0	0.0	simple	0.02
123	0.015625	0.0	0.0	1	0	0	0	0	simple	0	6	400,401,402,403,404,405	3.0,3.0,3.0,3.0,3.0,3.0	0.0	0.02	0.0	0.02	hit5	0.02
124	0.015625	0.0	0.0	1	0	0	0	0	simple	0	6	400,401,402,403,404,405	3.0,3.0,3.0,3.0,3.0,3.0	0.0	0.0	0.02	0.02	hit3	0.02
125	0.015625	0.0	0.0	1	0	0	0	0	simple	0	6	400,401,402,403,404,405	3.0,3.0,3.0,3.0,3.0,3.0	0.05	0.05	0.0	0.0	simple	0.05
126	0.015625	0.0	0.0	1	0	0	0	0	simple	0	6	400,401,402,403,404,405	3.0,3.0,3.0,3.0,3.0,3.0	0.1	0.1	0.0	0.0	simple	0.1
127	0.015625	0.0	0.0	1	0	0	0	0	simple	0	6	400,401,402,403,404,405	3.0,3.0,3.0,3.0,3.0,3.0	0.0	0.1	0.0	0.1	hit5	0.1
128	0.015625	0.0	0.0	1	0	0	0	0	simple	0	6	400,401,402,403,404,405	3.0,3.0,3.0,3.0,3.0,3.0	0.0	0.0	0.1	0.1	hit3	0.1
129	0.015625	0.0	0.0	1	0	0	0	0	simple	0	6	400,401,402,403,404,405	3.0,3.0,3.0,3.0,3.0,3.0	0.0	0.5	0.0	0.5	hit5	0.5
130	0.015625	0.0	0.0	1	0	0	0	0	simple	0	6	400,401,402,403,404,405	3.0,3.0,3.0,3.0,3.0,3.0	0.0	0.0	0.5	0.5	hit3	0.5
131	0.015625	0.0	0.0	1	0	0	0	0	simple	0	6	400,401,402,403,404,405	3.0,3.0,3.0,3.0,3.0,3.0	0.0	1.0	0.0	1.0	hit5	1.0
132	0.015625	0.0	0.0	1	0	0	0	0	simple	0	6	400,401,402,403,404,405	3.0,3.0,3.0,3.0,3.0,3.0	0.0	0.0	1.0	1.0	hit3	1.0
133	0.015625	0.0	0.0	1	0	0	0	0	simple	0	6	400,401,402,403,404,405	3.0,3.0,3.0,3.0,3.0,3.0	0.0	4.0	0.0	4.0	hit5	4.0
134	0.015625	0.0	0.0	1	0	0	0	0	simple	0	6	400,401,402,403,404,405	3.0,3.0,3.0,3.0,3.0,3.0	0.0	0.0	4.0	4.0	hit3	4.0
135	0.03125	0.0	0.0	1	0	0	0	0	simple	0	6	400,401,402,403,404,405	0.12,0.12,0.12,0.12,0.12,0.12	0.0	0.0	0.0	0.0	trafficjam	0.0
136	0.03125	0.0	0.0	1	0	0	0	0	simple	0	6	400,401,402,403,404,405	0.12,0.12,0.12,0.12,0.12,0.12	0.01	0.01	0.0	0.0	simple	0.01
137	0.03125	0.0	0.0	1	0	0	0	0	simple	0	6	400,401,402,403,404,405	0.12,0.12,0.12,0.12,0.12,0.12	0.02	0.02	0.0	0.0	simple	0.02
138	0.03125	0.0	0.0	1	0	0	0	0	simple	0	6	400,401,402,403,404,405	0.12,0.12,0.12,0.12,0.12,0.12	0.0	0.02	0.0	0.02	hit5	0.02
139	0.03125	0.0	0.0	1	0	0	0	0	simple	0	6	400,401,402,403,404,405	0.12,0.12,0.12,0.12,0.12,0.12	0.0	0.0	0.02	0.02	hit3	0.02
140	0.03125	0.0	0.0	1	0	0	0	0	simple	0	6	400,401,402,403,404,405	0.12,0.12,0.12,0.12,0.12,0.12	0.05	0.05	0.0	0.0	simple	0.05
141	0.03125	0.0	0.0	1	0	0	0	0	simple	0	6	400,401,402,403,404,405	0.12,0.12,0.12,0.12,0.12,0.12	0.1	0.1	0.0	0.0	simple	0.1
142	0.03125	0.0	0.0	1	0	0	0	0	simple	0	6	400,401,402,403,404,405	0.12,0.12,0.12,0.12,0.12,0.12	0.0	0.1	0.0	0.1	hit5	0.1
143	0.03125	0.0	0.0	1	0	0	0	0	simple	0	6	400,401,402,403,404,405	0.12,0.12,0.12,0.12,0.12,0.12	0.0	0.0	0.1	0.1	hit3	0.1
144	0.03125	0.0	0.0	1	0	0	0	0	simple	0	6	400,401,402,403,404,405	0.12,0.12,0.12,0.12,0.12,0.12	0.0	0.5	0.0	0.5	hit5	0.5
145	0.03125	0.0	0.0	1	0	0	0	0	simple	0	6	400,401,402,403,404,405	0.12,0.12,0.12,0.12,0.12,0.12	0.0	0.0	0.5	0.5	hit3	0.5
146	0.03125	0.0	0.0	1	0	0	0	0	simple	0	6	400,401,402,403,404,405	0.12,0.12,0.12,0.12,0.12,0.12	0.0	1.0	0.0	1.0	hit5	1.0
147	0.03125	0.0	0.0	1	0	0	0	0	simple	0	6	400,401,402,403,404,405	0.12,0.12,0.12,0.12,0.12,0.12	0.0	0.0	1.0	1.0	hit3	1.0
148	0.03125	0.0	0.0	1	0	0	0	0	simple	0	6	400,401,402,403,404,405	0.12,0.12,0.12,0.12,0.12,0.12	0.0	4.0	0.0	4.0	hit5	4.0
149	0.03125	0.0	0.0	1	0	0	0	0	simple	0	6	400,401,402,403,404,405	0.12,0.12,0.12,0.12,0.12,0.12	0.0	0.0	4.0	4.0	hit3	4.0
150	0.03125	0.0	0.0	1	0	0	0	0	simple	0	6	400,401,402,403,404,405	0.6,0.6,0.6,0.6,0.6,0.6	0.0	0.0	0.0	0.0	trafficjam	0.0
151	0.03125	0.0	0.0	1	0	0	0	0	simple	0	6	400,401,402,403,404,405	0.6,0.6,0.6,0.6,0.6,0.6	0.01	0.01	0.0	0.0	simple	0.01
152	0.03125	0.0	0.0	1	0	0	0	0	simple	0	6	400,401,402,403,404,405	0.6,0.6,0.6,0.6,0.6,0.6	0.02	0.02	0.0	0.0	simple	0.02
153	0.03125	0.0	0.0	1	0	0	0	0	simple	0	6	400,401,402,403,404,405	0.6,0.6,0.6,0.6,0.6,0.6	0.0	0.02	0.0	0.02	hit5	0.02
154	0.03125	0.0	0.0	1	0	0	0	0	simple	0	6	400,401,402,403,404,405	0.6,0.6,0.6,0.6,0.6,0.6	0.0	0.0	0.02	0.02	hit3	0.02
155	0.03125	0.0	0.0	1	0	0	0	0	simple	0	6	400,401,402,403,404,405	0.6,0.6,0.6,0.6,0.6,0.6	0.05	0.05	0.0	0.0	simple	0.05
156	0.03125	0.0	0.0	1	0	0	0	0	simple	0	6	400,401,402,403,404,405	0.6,0.6,0.6,0.6,0.6,0.6	0.1	0.1	0.0	0.0	simple	0.1
157	0.03125	0.0	0.0	1	0	0	0	0	simple	0	6	400,401,402,403,404,405	0.6,0.6,0.6,0.6,0.6,0.6	0.0	0.1	0.0	0.1	hit5	0.1
158	0.03125	0.0	0.0	1	0	0	0	0	simple	0	6	400,401,402,403,404,405	0.6,0.6,0.6,0.6,0.6,0.6	0.0	0.0	0.1	0.1	hit3	0.1
159	0.03125	0.0	0.0	1	0	0	0	0	simple	0	6	400,401,402,403,404,405	0.6,0.6,0.6,0.6,0.6,0.6	0.0	0.5	0.0	0.5	hit5	0.5
160	0.03125	0.0	0.0	1	0	0	0	0	simple	0	6	400,401,402,403,404,405	0.6,0.6,0.6,0.6,0.6,0.6	0.0	0.0	0.5	0.5	hit3	0.5
161	0.03125	0.0	0.0	1	0	0	0	0	simple	0	6	400,401,402,403,404,405	0.6,0.6,0.6,0.6,0.6,0.6	0.0	1.0	0.0	1.0	hit5	1.0
162	0.03125	0.0	0.0	1	0	0	0	0	simple	0	6	400,401,402,403,404,405	0.6,0.6,0.6,0.6,0.6,0.6	0.0	0.0	1.0	1.0	hit3	1.0
163	0.03125	0.0	0.0	1	0	0	0	0	simple	0	6	400,401,402,403,404,405	0.6,0.6,0.6,0.6,0.6,0.6	0.0	4.0	0.0	4.0	hit5	4.0
164	0.03125	0.0	0.0	1	0	0	0	0	simple	0	6	400,401,402,403,404,405	0.6,0.6,0.6,0.6,0.6,0.6	0.0	0.0	4.0	4.0	hit3	4.0
165	0.03125	0.0	0.0	1	0	0	0	0	simple	0	6	400,401,402,403,404,405	3.0,3.0,3.0,3.0,3.0,3.0	0.0	0.0	0.0	0.0	trafficjam	0.0
166	0.03125	0.0	0.0	1	0	0	0	0	simple	0	6	400,401,402,403,404,405	3.0,3.0,3.0,3.0,3.0,3.0	0.01	0.01	0.0	0.0	simple	0.01
167	0.03125	0.0	0.0	1	0	0	0	0	simple	0	6	400,401,402,403,404,405	3.0,3.0,3.0,3.0,3.0,3.0	0.02	0.02	0.0	0.0	simple	0.02
168	0.03125	0.0	0.0	1	0	0	0	0	simple	0	6	400,401,402,403,404,405	3.0,3.0,3.0,3.0,3.0,3.0	0.0	0.02	0.0	0.02	hit5	0.02
169	0.03125	0.0	0.0	1	0	0	0	0	simple	0	6	400,401,402,403,404,405	3.0,3.0,3.0,3.0,3.0,3.0	0.0	0.0	0.02	0.02	hit3	0.02
170	0.03125	0.0	0.0	1	0	0	0	0	simple	0	6	400,401,402,403,404,405	3.0,3.0,3.0,3.0,3.0,3.0	0.05	0.05	0.0	0.0	simple	0.05
171	0.03125	0.0	0.0	1	0	0	0	0	simple	0	6	400,401,402,403,404,405	3.0,3.0,3.0,3.0,3.0,3.0	0.1	0.1	0.0	0.0	simple	0.1
172	0.03125	0.0	0.0	1	0	0	0	0	simple	0	6	400,401,402,403,404,405	3.0,3.0,3.0,3.0,3.0,3.0	0.0	0.1	0.0	0.1	hit5	0.1
173	0.03125	0.0	0.0	1	0	0	0	0	simple	0	6	400,401,402,403,404,405	3.0,3.0,3.0,3.0,3.0,3.0	0.0	0.0	0.1	0.1	hit3	0.1
174	0.03125	0.0	0.0	1	0	0	0	0	simple	0	6	400,401,402,403,404,405	3.0,3.0,3.0,3.0,3.0,3.0	0.0	0.5	0.0	0.5	hit5	0.5
175	0.03125	0.0	0.0	1	0	0	0	0	simple	0	6	400,401,402,403,404,405	3.0,3.0,3.0,3.0,3.0,3.0	0.0	0.0	0.5	0.5	hit3	0.5
176	0.03125	0.0	0.0	1	0	0	0	0	simple	0	6	400,401,402,403,404,405	3.0,3.0,3.0,3.0,3.0,3.0	0.0	1.0	0.0	1.0	hit5	1.0
177	0.03125	0.0	0.0	1	0	0	0	0	simple	0	6	400,401,402,403,404,405	3.0,3.0,3.0,3.0,3.0,3.0	0.0	0.0	1.0	1.0	hit3	1.0
178	0.03125	0.0	0.0	1	0	0	0	0	simple	0	6	400,401,402,403,404,405	3.0,3.0,3.0,3.0,3.0,3.0	0.0	4.0	0.0	4.0	hit5	4.0
179	0.03125	0.0	0.0	1	0	0	0	0	simple	0	6	400,401,402,403,404,405	3.0,3.0,3.0,3.0,3.0,3.0	0.0	0.0	4.0	4.0	hit3	4.0
180	0.0625	0.0	0.0	1	0	0	0	0	simple	0	6	400,401,402,403,404,405	0.12,0.12,0.12,0.12,0.12,0.12	0.0	0.0	0.0	0.0	trafficjam	0.0
181	0.0625	0.0	0.0	1	0	0	0	0	simple	0	6	400,401,402,403,404,405	0.12,0.12,0.12,0.12,0.12,0.12	0.01	0.01	0.0	0.0	simple	0.01
182	0.0625	0.0	0.0	1	0	0	0	0	simple	0	6	400,401,402,403,404,405	0.12,0.12,0.12,0.12,0.12,0.12	0.02	0.02	0.0	0.0	simple	0.02
183	0.0625	0.0	0.0	1	0	0	0	0	simple	0	6	400,401,402,403,404,405	0.12,0.12,0.12,0.12,0.12,0.12	0.0	0.02	0.0	0.02	hit5	0.02
184	0.0625	0.0	0.0	1	0	0	0	0	simple	0	6	400,401,402,403,404,405	0.12,0.12,0.12,0.12,0.12,0.12	0.0	0.0	0.02	0.02	hit3	0.02
185	0.0625	0.0	0.0	1	0	0	0	0	simple	0	6	400,401,402,403,404,405	0.12,0.12,0.12,0.12,0.12,0.12	0.05	0.05	0.0	0.0	simple	0.05
186	0.0625	0.0	0.0	1	0	0	0	0	simple	0	6	400,401,402,403,404,405	0.12,0.12,0.12,0.12,0.12,0.12	0.1	0.1	0.0	0.0	simple	0.1
187	0.0625	0.0	0.0	1	0	0	0	0	simple	0	6	400,401,402,403,404,405	0.12,0.12,0.12,0.12,0.12,0.12	0.0	0.1	0.0	0.1	hit5	0.1
188	0.0625	0.0	0.0	1	0	0	0	0	simple	0	6	400,401,402,403,404,405	0.12,0.12,0.12,0.12,0.12,0.12	0.0	0.0	0.1	0.1	hit3	0.1
189	0.0625	0.0	0.0	1	0	0	0	0	simple	0	6	400,401,402,403,404,405	0.12,0.12,0.12,0.12,0.12,0.12	0.0	0.5	0.0	0.5	hit5	0.5
190	0.0625	0.0	0.0	1	0	0	0	0	simple	0	6	400,401,402,403,404,405	0.12,0.12,0.12,0.12,0.12,0.12	0.0	0.0	0.5	0.5	hit3	0.5
191	0.0625	0.0	0.0	1	0	0	0	0	simple	0	6	400,401,402,403,404,405	0.12,0.12,0.12,0.12,0.12,0.12	0.0	1.0	0.0	1.0	hit5	1.0
192	0.0625	0.0	0.0	1	0	0	0	0	simple	0	6	400,401,402,403,404,405	0.12,0.12,0.12,0.12,0.12,0.12	0.0	0.0	1.0	1.0	hit3	1.0
193	0.0625	0.0	0.0	1	0	0	0	0	simple	0	6	400,401,402,403,404,405	0.12,0.12,0.12,0.12,0.12,0.12	0.0	4.0	0.0	4.0	hit5	4.0
194	0.0625	0.0	0.0	1	0	0	0	0	simple	0	6	400,401,402,403,404,405	0.12,0.12,0.12,0.12,0.12,0.12	0.0	0.0	4.0	4.0	hit3	4.0
195	0.0625	0.0	0.0	1	0	0	0	0	simple	0	6	400,401,402,403,404,405	0.6,0.6,0.6,0.6,0.6,0.6	0.0	0.0	0.0	0.0	trafficjam	0.0
196	0.0625	0.0	0.0	1	0	0	0	0	simple	0	6	400,401,402,403,404,405	0.6,0.6,0.6,0.6,0.6,0.6	0.01	0.01	0.0	0.0	simple	0.01
197	0.0625	0.0	0.0	1	0	0	0	0	simple	0	6	400,401,402,403,404,405	0.6,0.6,0.6,0.6,0.6,0.6	0.02	0.02	0.0	0.0	simple	0.02
198	0.0625	0.0	0.0	1	0	0	0	0	simple	0	6	400,401,402,403,404,405	0.6,0.6,0.6,0.6,0.6,0.6	0.0	0.02	0.0	0.02	hit5	0.02
199	0.0625	0.0	0.0	1	0	0	0	0	simple	0	6	400,401,402,403,404,405	0.6,0.6,0.6,0.6,0.6,0.6	0.0	0.0	0.02	0.02	hit3	0.02
200	0.0625	0.0	0.0	1	0	0	0	0	simple	0	6	400,401,402,403,404,405	0.6,0.6,0.6,0.6,0.6,0.6	0.05	0.05	0.0	0.0	simple	0.05
201	0.0625	0.0	0.0	1	0	0	0	0	simple	0	6	400,401,402,403,404,405	0.6,0.6,0.6,0.6,0.6,0.6	0.1	0.1	0.0	0.0	simple	0.1
202	0.0625	0.0	0.0	1	0	0	0	0	simple	0	6	400,401,402,403,404,405	0.6,0.6,0.6,0.6,0.6,0.6	0.0	0.1	0.0	0.1	hit5	0.1
203	0.0625	0.0	0.0	1	0	0	0	0	simple	0	6	400,401,402,403,404,405	0.6,0.6,0.6,0.6,0.6,0.6	0.0	0.0	0.1	0.1	hit3	0.1
204	0.0625	0.0	0.0	1	0	0	0	0	simple	0	6	400,401,402,403,404,405	0.6,0.6,0.6,0.6,0.6,0.6	0.0	0.5	0.0	0.5	hit5	0.5
205	0.0625	0.0	0.0	1	0	0	0	0	simple	0	6	400,401,402,403,404,405	0.6,0.6,0.6,0.6,0.6,0.6	0.0	0.0	0.5	0.5	hit3	0.5
206	0.0625	0.0	0.0	1	0	0	0	0	simple	0	6	400,401,402,403,404,405	0.6,0.6,0.6,0.6,0.6,0.6	0.0	1.0	0.0	1.0	hit5	1.0
207	0.0625	0.0	0.0	1	0	0	0	0	simple	0	6	400,401,402,403,404,405	0.6,0.6,0.6,0.6,0.6,0.6	0.0	0.0	1.0	1.0	hit3	1.0
208	0.0625	0.0	0.0	1	0	0	0	0	simple	0	6	400,401,402,403,404,405	0.6,0.6,0.6,0.6,0.6,0.6	0.0	4.0	0.0	4.0	hit5	4.0
209	0.0625	0.0	0.0	1	0	0	0	0	simple	0	6	400,401,402,403,404,405	0.6,0.6,0.6,0.6,0.6,0.6	0.0	0.0	4.0	4.0	hit3	4.0
210	0.0625	0.0	0.0	1	0	0	0	0	simple	0	6	400,401,402,403,404,405	3.0,3.0,3.0,3.0,3.0,3.0	0.0	0.0	0.0	0.0	trafficjam	0.0
211	0.0625	0.0	0.0	1	0	0	0	0	simple	0	6	400,401,402,403,404,405	3.0,3.0,3.0,3.0,3.0,3.0	0.01	0.01	0.0	0.0	simple	0.01
212	0.0625	0.0	0.0	1	0	0	0	0	simple	0	6	400,401,402,403,404,405	3.0,3.0,3.0,3.0,3.0,3.0	0.02	0.02	0.0	0.0	simple	0.02
213	0.0625	0.0	0.0	1	0	0	0	0	simple	0	6	400,401,402,403,404,405	3.0,3.0,3.0,3.0,3.0,3.0	0.0	0.02	0.0	0.02	hit5	0.02
214	0.0625	0.0	0.0	1	0	0	0	0	simple	0	6	400,401,402,403,404,405	3.0,3.0,3.0,3.0,3.0,3.0	0.0	0.0	0.02	0.02	hit3	0.02
215	0.0625	0.0	0.0	1	0	0	0	0	simple	0	6	400,401,402,403,404,405	3.0,3.0,3.0,3.0,3.0,3.0	0.05	0.05	0.0	0.0	simple	0.05
216	0.0625	0.0	0.0	1	0	0	0	0	simple	0	6	400,401,402,403,404,405	3.0,3.0,3.0,3.0,3.0,3.0	0.1	0.1	0.0	0.0	simple	0.1
217	0.0625	0.0	0.0	1	0	0	0	0	simple	0	6	400,401,402,403,404,405	3.0,3.0,3.0,3.0,3.0,3.0	0.0	0.1	0.0	0.1	hit5	0.1
218	0.0625	0.0	0.0	1	0	0	0	0	simple	0	6	400,401,402,403,404,405	3.0,3.0,3.0,3.0,3.0,3.0	0.0	0.0	0.1	0.1	hit3	0.1
219	0.0625	0.0	0.0	1	0	0	0	0	simple	0	6	400,401,402,403,404,405	3.0,3.0,3.0,3.0,3.0,3.0	0.0	0.5	0.0	0.5	hit5	0.5
220	0.0625	0.0	0.0	1	0	0	0	0	simple	0	6	400,401,402,403,404,405	3.0,3.0,3.0,3.0,3.0,3.0	0.0	0.0	0.5	0.5	hit3	0.5
221	0.0625	0.0	0.0	1	0	0	0	0	simple	0	6	400,401,402,403,404,405	3.0,3.0,3.0,3.0,3.0,3.0	0.0	1.0	0.0	1.0	hit5	1.0
222	0.0625	0.0	0.0	1	0	0	0	0	simple	0	6	400,401,402,403,404,405	3.0,3.0,3.0,3.0,3.0,3.0	0.0	0.0	1.0	1.0	hit3	1.0
223	0.0625	0.0	0.0	1	0	0	0	0	simple	0	6	400,401,402,403,404,405	3.0,3.0,3.0,3.0,3.0,3.0	0.0	4.0	0.0	4.0	hit5	4.0
224	0.0625	0.0	0.0	1	0	0	0	0	simple	0	6	400,401,402,403,404,405	3.0,3.0,3.0,3.0,3.0,3.0	0.0	0.0	4.0	4.0	hit3	4.0
225	0.125	0.0	0.0	1	0	0	0	0	simple	0	6	400,401,402,403,404,405	0.12,0.12,0.12,0.12,0.12,0.12	0.0	0.0	0.0	0.0	trafficjam	0.0
226	0.125	0.0	0.0	1	0	0	0	0	simple	0	6	400,401,402,403,404,405	0.12,0.12,0.12,0.12,0.12,0.12	0.01	0.01	0.0	0.0	simple	0.01
227	0.125	0.0	0.0	1	0	0	0	0	simple	0	6	400,401,402,403,404,405	0.12,0.12,0.12,0.12,0.12,0.12	0.02	0.02	0.0	0.0	simple	0.02
228	0.125	0.0	0.0	1	0	0	0	0	simple	0	6	400,401,402,403,404,405	0.12,0.12,0.12,0.12,0.12,0.12	0.0	0.02	0.0	0.02	hit5	0.02
229	0.125	0.0	0.0	1	0	0	0	0	simple	0	6	400,401,402,403,404,405	0.12,0.12,0.12,0.12,0.12,0.12	0.0	0.0	0.02	0.02	hit3	0.02
230	0.125	0.0	0.0	1	0	0	0	0	simple	0	6	400,401,402,403,404,405	0.12,0.12,0.12,0.12,0.12,0.12	0.05	0.05	0.0	0.0	simple	0.05
231	0.125	0.0	0.0	1	0	0	0	0	simple	0	6	400,401,402,403,404,405	0.12,0.12,0.12,0.12,0.12,0.12	0.1	0.1	0.0	0.0	simple	0.1
232	0.125	0.0	0.0	1	0	0	0	0	simple	0	6	400,401,402,403,404,405	0.12,0.12,0.12,0.12,0.12,0.12	0.0	0.1	0.0	0.1	hit5	0.1
233	0.125	0.0	0.0	1	0	0	0	0	simple	0	6	400,401,402,403,404,405	0.12,0.12,0.12,0.12,0.12,0.12	0.0	0.0	0.1	0.1	hit3	0.1
234	0.125	0.0	0.0	1	0	0	0	0	simple	0	6	400,401,402,403,404,405	0.12,0.12,0.12,0.12,0.12,0.12	0.0	0.5	0.0	0.5	hit5	0.5
235	0.125	0.0	0.0	1	0	0	0	0	simple	0	6	400,401,402,403,404,405	0.12,0.12,0.12,0.12,0.12,0.12	0.0	0.0	0.5	0.5	hit3	0.5
236	0.125	0.0	0.0	1	0	0	0	0	simple	0	6	400,401,402,403,404,405	0.12,0.12,0.12,0.12,0.12,0.12	0.0	1.0	0.0	1.0	hit5	1.0
237	0.125	0.0	0.0	1	0	0	0	0	simple	0	6	400,401,402,403,404,405	0.12,0.12,0.12,0.12,0.12,0.12	0.0	0.0	1.0	1.0	hit3	1.0
238	0.125	0.0	0.0	1	0	0	0	0	simple	0	6	400,401,402,403,404,405	0.12,0.12,0.12,0.12,0.12,0.12	0.0	4.0	0.0	4.0	hit5	4.0
239	0.125	0.0	0.0	1	0	0	0	0	simple	0	6	400,401,402,403,404,405	0.12,0.12,0.12,0.12,0.12,0.12	0.0	0.0	4.0	4.0	hit3	4.0
240	0.125	0.0	0.0	1	0	0	0	0	simple	0	6	400,401,402,403,404,405	0.6,0.6,0.6,0.6,0.6,0.6	0.0	0.0	0.0	0.0	trafficjam	0.0
241	0.125	0.0	0.0	1	0	0	0	0	simple	0	6	400,401,402,403,404,405	0.6,0.6,0.6,0.6,0.6,0.6	0.01	0.01	0.0	0.0	simple	0.01
242	0.125	0.0	0.0	1	0	0	0	0	simple	0	6	400,401,402,403,404,405	0.6,0.6,0.6,0.6,0.6,0.6	0.02	0.02	0.0	0.0	simple	0.02
243	0.125	0.0	0.0	1	0	0	0	0	simple	0	6	400,401,402,403,404,405	0.6,0.6,0.6,0.6,0.6,0.6	0.0	0.02	0.0	0.02	hit5	0.02
244	0.125	0.0	0.0	1	0	0	0	0	simple	0	6	400,401,402,403,404,405	0.6,0.6,0.6,0.6,0.6,0.6	0.0	0.0	0.02	0.02	hit3	0.02
245	0.125	0.0	0.0	1	0	0	0	0	simple	0	6	400,401,402,403,404,405	0.6,0.6,0.6,0.6,0.6,0.6	0.05	0.05	0.0	0.0	simple	0.05
246	0.125	0.0	0.0	1	0	0	0	0	simple	0	6	400,401,402,403,404,405	0.6,0.6,0.6,0.6,0.6,0.6	0.1	0.1	0.0	0.0	simple	0.1
247	0.125	0.0	0.0	1	0	0	0	0	simple	0	6	400,401,402,403,404,405	0.6,0.6,0.6,0.6,0.6,0.6	0.0	0.1	0.0	0.1	hit5	0.1
248	0.125	0.0	0.0	1	0	0	0	0	simple	0	6	400,401,402,403,404,405	0.6,0.6,0.6,0.6,0.6,0.6	0.0	0.0	0.1	0.1	hit3	0.1
249	0.125	0.0	0.0	1	0	0	0	0	simple	0	6	400,401,402,403,404,405	0.6,0.6,0.6,0.6,0.6,0.6	0.0	0.5	0.0	0.5	hit5	0.5
250	0.125	0.0	0.0	1	0	0	0	0	simple	0	6	400,401,402,403,404,405	0.6,0.6,0.6,0.6,0.6,0.6	0.0	0.0	0.5	0.5	hit3	0.5
251	0.125	0.0	0.0	1	0	0	0	0	simple	0	6	400,401,402,403,404,405	0.6,0.6,0.6,0.6,0.6,0.6	0.0	1.0	0.0	1.0	hit5	1.0
252	0.125	0.0	0.0	1	0	0	0	0	simple	0	6	400,401,402,403,404,405	0.6,0.6,0.6,0.6,0.6,0.6	0.0	0.0	1.0	1.0	hit3	1.0
253	0.125	0.0	0.0	1	0	0	0	0	simple	0	6	400,401,402,403,404,405	0.6,0.6,0.6,0.6,0.6,0.6	0.0	4.0	0.0	4.0	hit5	4.0
254	0.125	0.0	0.0	1	0	0	0	0	simple	0	6	400,401,402,403,404,405	0.6,0.6,0.6,0.6,0.6,0.6	0.0	0.0	4.0	4.0	hit3	4.0
255	0.125	0.0	0.0	1	0	0	0	0	simple	0	6	400,401,402,403,404,405	3.0,3.0,3.0,3.0,3.0,3.0	0.0	0.0	0.0	0.0	trafficjam	0.0
256	0.125	0.0	0.0	1	0	0	0	0	simple	0	6	400,401,402,403,404,405	3.0,3.0,3.0,3.0,3.0,3.0	0.01	0.01	0.0	0.0	simple	0.01
257	0.125	0.0	0.0	1	0	0	0	0	simple	0	6	400,401,402,403,404,405	3.0,3.0,3.0,3.0,3.0,3.0	0.02	0.02	0.0	0.0	simple	0.02
258	0.125	0.0	0.0	1	0	0	0	0	simple	0	6	400,401,402,403,404,405	3.0,3.0,3.0,3.0,3.0,3.0	0.0	0.02	0.0	0.02	hit5	0.02
259	0.125	0.0	0.0	1	0	0	0	0	simple	0	6	400,401,402,403,404,405	3.0,3.0,3.0,3.0,3.0,3.0	0.0	0.0	0.02	0.02	hit3	0.02
260	0.125	0.0	0.0	1	0	0	0	0	simple	0	6	400,401,402,403,404,405	3.0,3.0,3.0,3.0,3.0,3.0	0.05	0.05	0.0	0.0	simple	0.05
261	0.125	0.0	0.0	1	0	0	0	0	simple	0	6	400,401,402,403,404,405	3.0,3.0,3.0,3.0,3.0,3.0	0.1	0.1	0.0	0.0	simple	0.1
262	0.125	0.0	0.0	1	0	0	0	0	simple	0	6	400,401,402,403,404,405	3.0,3.0,3.0,3.0,3.0,3.0	0.0	0.1	0.0	0.1	hit5	0.1
263	0.125	0.0	0.0	1	0	0	0	0	simple	0	6	400,401,402,403,404,405	3.0,3.0,3.0,3.0,3.0,3.0	0.0	0.0	0.1	0.1	hit3	0.1
264	0.125	0.0	0.0	1	0	0	0	0	simple	0	6	400,401,402,403,404,405	3.0,3.0,3.0,3.0,3.0,3.0	0.0	0.5	0.0	0.5	hit5	0.5
265	0.125	0.0	0.0	1	0	0	0	0	simple	0	6	400,401,402,403,404,405	3.0,3.0,3.0,3.0,3.0,3.0	0.0	0.0	0.5	0.5	hit3	0.5
266	0.125	0.0	0.0	1	0	0	0	0	simple	0	6	400,401,402,403,404,405	3.0,3.0,3.0,3.0,3.0,3.0	0.0	1.0	0.0	1.0	hit5	1.0
267	0.125	0.0	0.0	1	0	0	0	0	simple	0	6	400,401,402,403,404,405	3.0,3.0,3.0,3.0,3.0,3.0	0.0	0.0	1.0	1.0	hit3	1.0
268	0.125	0.0	0.0	1	0	0	0	0	simple	0	6	400,401,402,403,404,405	3.0,3.0,3.0,3.0,3.0,3.0	0.0	4.0	0.0	4.0	hit5	4.0
269	0.125	0.0	0.0	1	0	0	0	0	simple	0	6	400,401,402,403,404,405	3.0,3.0,3.0,3.0,3.0,3.0	0.0	0.0	4.0	4.0	hit3	4.0
270	0.25	0.0	0.0	1	0	0	0	0	simple	0	6	400,401,402,403,404,405	0.12,0.12,0.12,0.12,0.12,0.12	0.0	0.0	0.0	0.0	trafficjam	0.0
271	0.25	0.0	0.0	1	0	0	0	0	simple	0	6	400,401,402,403,404,405	0.12,0.12,0.12,0.12,0.12,0.12	0.01	0.01	0.0	0.0	simple	0.01
272	0.25	0.0	0.0	1	0	0	0	0	simple	0	6	400,401,402,403,404,405	0.12,0.12,0.12,0.12,0.12,0.12	0.02	0.02	0.0	0.0	simple	0.02
273	0.25	0.0	0.0	1	0	0	0	0	simple	0	6	400,401,402,403,404,405	0.12,0.12,0.12,0.12,0.12,0.12	0.0	0.02	0.0	0.02	hit5	0.02
274	0.25	0.0	0.0	1	0	0	0	0	simple	0	6	400,401,402,403,404,405	0.12,0.12,0.12,0.12,0.12,0.12	0.0	0.0	0.02	0.02	hit3	0.02
275	0.25	0.0	0.0	1	0	0	0	0	simple	0	6	400,401,402,403,404,405	0.12,0.12,0.12,0.12,0.12,0.12	0.05	0.05	0.0	0.0	simple	0.05
276	0.25	0.0	0.0	1	0	0	0	0	simple	0	6	400,401,402,403,404,405	0.12,0.12,0.12,0.12,0.12,0.12	0.1	0.1	0.0	0.0	simple	0.1
277	0.25	0.0	0.0	1	0	0	0	0	simple	0	6	400,401,402,403,404,405	0.12,0.12,0.12,0.12,0.12,0.12	0.0	0.1	0.0	0.1	hit5	0.1
278	0.25	0.0	0.0	1	0	0	0	0	simple	0	6	400,401,402,403,404,405	0.12,0.12,0.12,0.12,0.12,0.12	0.0	0.0	0.1	0.1	hit3	0.1
279	0.25	0.0	0.0	1	0	0	0	0	simple	0	6	400,401,402,403,404,405	0.12,0.12,0.12,0.12,0.12,0.12	0.0	0.5	0.0	0.5	hit5	0.5
280	0.25	0.0	0.0	1	0	0	0	0	simple	0	6	400,401,402,403,404,405	0.12,0.12,0.12,0.12,0.12,0.12	0.0	0.0	0.5	0.5	hit3	0.5
281	0.25	0.0	0.0	1	0	0	0	0	simple	0	6	400,401,402,403,404,405	0.12,0.12,0.12,0.12,0.12,0.12	0.0	1.0	0.0	1.0	hit5	1.0
282	0.25	0.0	0.0	1	0	0	0	0	simple	0	6	400,401,402,403,404,405	0.12,0.12,0.12,0.12,0.12,0.12	0.0	0.0	1.0	1.0	hit3	1.0
283	0.25	0.0	0.0	1	0	0	0	0	simple	0	6	400,401,402,403,404,405	0.12,0.12,0.12,0.12,0.12,0.12	0.0	4.0	0.0	4.0	hit5	4.0
284	0.25	0.0	0.0	1	0	0	0	0	simple	0	6	400,401,402,403,404,405	0.12,0.12,0.12,0.12,0.12,0.12	0.0	0.0	4.0	4.0	hit3	4.0
285	0.25	0.0	0.0	1	0	0	0	0	simple	0	6	400,401,402,403,404,405	0.6,0.6,0.6,0.6,0.6,0.6	0.0	0.0	0.0	0.0	trafficjam	0.0
286	0.25	0.0	0.0	1	0	0	0	0	simple	0	6	400,401,402,403,404,405	0.6,0.6,0.6,0.6,0.6,0.6	0.01	0.01	0.0	0.0	simple	0.01
287	0.25	0.0	0.0	1	0	0	0	0	simple	0	6	400,401,402,403,404,405	0.6,0.6,0.6,0.6,0.6,0.6	0.02	0.02	0.0	0.0	simple	0.02
288	0.25	0.0	0.0	1	0	0	0	0	simple	0	6	400,401,402,403,404,405	0.6,0.6,0.6,0.6,0.6,0.6	0.0	0.02	0.0	0.02	hit5	0.02
289	0.25	0.0	0.0	1	0	0	0	0	simple	0	6	400,401,402,403,404,405	0.6,0.6,0.6,0.6,0.6,0.6	0.0	0.0	0.02	0.02	hit3	0.02
290	0.25	0.0	0.0	1	0	0	0	0	simple	0	6	400,401,402,403,404,405	0.6,0.6,0.6,0.6,0.6,0.6	0.05	0.05	0.0	0.0	simple	0.05
291	0.25	0.0	0.0	1	0	0	0	0	simple	0	6	400,401,402,403,404,405	0.6,0.6,0.6,0.6,0.6,0.6	0.1	0.1	0.0	0.0	simple	0.1
292	0.25	0.0	0.0	1	0	0	0	0	simple	0	6	400,401,402,403,404,405	0.6,0.6,0.6,0.6,0.6,0.6	0.0	0.1	0.0	0.1	hit5	0.1
293	0.25	0.0	0.0	1	0	0	0	0	simple	0	6	400,401,402,403,404,405	0.6,0.6,0.6,0.6,0.6,0.6	0.0	0.0	0.1	0.1	hit3	0.1
294	0.25	0.0	0.0	1	0	0	0	0	simple	0	6	400,401,402,403,404,405	0.6,0.6,0.6,0.6,0.6,0.6	0.0	0.5	0.0	0.5	hit5	0.5
295	0.25	0.0	0.0	1	0	0	0	0	simple	0	6	400,401,402,403,404,405	0.6,0.6,0.6,0.6,0.6,0.6	0.0	0.0	0.5	0.5	hit3	0.5
296	0.25	0.0	0.0	1	0	0	0	0	simple	0	6	400,401,402,403,404,405	0.6,0.6,0.6,0.6,0.6,0.6	0.0	1.0	0.0	1.0	hit5	1.0
297	0.25	0.0	0.0	1	0	0	0	0	simple	0	6	400,401,402,403,404,405	0.6,0.6,0.6,0.6,0.6,0.6	0.0	0.0	1.0	1.0	hit3	1.0
298	0.25	0.0	0.0	1	0	0	0	0	simple	0	6	400,401,402,403,404,405	0.6,0.6,0.6,0.6,0.6,0.6	0.0	4.0	0.0	4.0	hit5	4.0
299	0.25	0.0	0.0	1	0	0	0	0	simple	0	6	400,401,402,403,404,405	0.6,0.6,0.6,0.6,0.6,0.6	0.0	0.0	4.0	4.0	hit3	4.0
300	0.25	0.0	0.0	1	0	0	0	0	simple	0	6	400,401,402,403,404,405	3.0,3.0,3.0,3.0,3.0,3.0	0.0	0.0	0.0	0.0	trafficjam	0.0
301	0.25	0.0	0.0	1	0	0	0	0	simple	0	6	400,401,402,403,404,405	3.0,3.0,3.0,3.0,3.0,3.0	0.01	0.01	0.0	0.0	simple	0.01
302	0.25	0.0	0.0	1	0	0	0	0	simple	0	6	400,401,402,403,404,405	3.0,3.0,3.0,3.0,3.0,3.0	0.02	0.02	0.0	0.0	simple	0.02
303	0.25	0.0	0.0	1	0	0	0	0	simple	0	6	400,401,402,403,404,405	3.0,3.0,3.0,3.0,3.0,3.0	0.0	0.02	0.0	0.02	hit5	0.02
304	0.25	0.0	0.0	1	0	0	0	0	simple	0	6	400,401,402,403,404,405	3.0,3.0,3.0,3.0,3.0,3.0	0.0	0.0	0.02	0.02	hit3	0.02
305	0.25	0.0	0.0	1	0	0	0	0	simple	0	6	400,401,402,403,404,405	3.0,3.0,3.0,3.0,3.0,3.0	0.05	0.05	0.0	0.0	simple	0.05
306	0.25	0.0	0.0	1	0	0	0	0	simple	0	6	400,401,402,403,404,405	3.0,3.0,3.0,3.0,3.0,3.0	0.1	0.1	0.0	0.0	simple	0.1
307	0.25	0.0	0.0	1	0	0	0	0	simple	0	6	400,401,402,403,404,405	3.0,3.0,3.0,3.0,3.0,3.0	0.0	0.1	0.0	0.1	hit5	0.1
308	0.25	0.0	0.0	1	0	0	0	0	simple	0	6	400,401,402,403,404,405	3.0,3.0,3.0,3.0,3.0,3.0	0.0	0.0	0.1	0.1	hit3	0.1
309	0.25	0.0	0.0	1	0	0	0	0	simple	0	6	400,401,402,403,404,405	3.0,3.0,3.0,3.0,3.0,3.0	0.0	0.5	0.0	0.5	hit5	0.5
310	0.25	0.0	0.0	1	0	0	0	0	simple	0	6	400,401,402,403,404,405	3.0,3.0,3.0,3.0,3.0,3.0	0.0	0.0	0.5	0.5	hit3	0.5
311	0.25	0.0	0.0	1	0	0	0	0	simple	0	6	400,401,402,403,404,405	3.0,3.0,3.0,3.0,3.0,3.0	0.0	1.0	0.0	1.0	hit5	1.0
312	0.25	0.0	0.0	1	0	0	0	0	simple	0	6	400,401,402,403,404,405	3.0,3.0,3.0,3.0,3.0,3.0	0.0	0.0	1.0	1.0	hit3	1.0
313	0.25	0.0	0.0	1	0	0	0	0	simple	0	6	400,401,402,403,404,405	3.0,3.0,3.0,3.0,3.0,3.0	0.0	4.0	0.0	4.0	hit5	4.0
314	0.25	0.0	0.0	1	0	0	0	0	simple	0	6	400,401,402,403,404,405	3.0,3.0,3.0,3.0,3.0,3.0	0.0	0.0	4.0	4.0	hit3	4.0
315	0.5	0.0	0.0	1	0	0	0	0	simple	0	6	400,401,402,403,404,405	0.12,0.12,0.12,0.12,0.12,0.12	0.0	0.0	0.0	0.0	trafficjam	0.0
316	0.5	0.0	0.0	1	0	0	0	0	simple	0	6	400,401,402,403,404,405	0.12,0.12,0.12,0.12,0.12,0.12	0.01	0.01	0.0	0.0	simple	0.01
317	0.5	0.0	0.0	1	0	0	0	0	simple	0	6	400,401,402,403,404,405	0.12,0.12,0.12,0.12,0.12,0.12	0.02	0.02	0.0	0.0	simple	0.02
318	0.5	0.0	0.0	1	0	0	0	0	simple	0	6	400,401,402,403,404,405	0.12,0.12,0.12,0.12,0.12,0.12	0.0	0.02	0.0	0.02	hit5	0.02
319	0.5	0.0	0.0	1	0	0	0	0	simple	0	6	400,401,402,403,404,405	0.12,0.12,0.12,0.12,0.12,0.12	0.0	0.0	0.02	0.02	hit3	0.02
320	0.5	0.0	0.0	1	0	0	0	0	simple	0	6	400,401,402,403,404,405	0.12,0.12,0.12,0.12,0.12,0.12	0.05	0.05	0.0	0.0	simple	0.05
321	0.5	0.0	0.0	1	0	0	0	0	simple	0	6	400,401,402,403,404,405	0.12,0.12,0.12,0.12,0.12,0.12	0.1	0.1	0.0	0.0	simple	0.1
322	0.5	0.0	0.0	1	0	0	0	0	simple	0	6	400,401,402,403,404,405	0.12,0.12,0.12,0.12,0.12,0.12	0.0	0.1	0.0	0.1	hit5	0.1
323	0.5	0.0	0.0	1	0	0	0	0	simple	0	6	400,401,402,403,404,405	0.12,0.12,0.12,0.12,0.12,0.12	0.0	0.0	0.1	0.1	hit3	0.1
324	0.5	0.0	0.0	1	0	0	0	0	simple	0	6	400,401,402,403,404,405	0.12,0.12,0.12,0.12,0.12,0.12	0.0	0.5	0.0	0.5	hit5	0.5
325	0.5	0.0	0.0	1	0	0	0	0	simple	0	6	400,401,402,403,404,405	0.12,0.12,0.12,0.12,0.12,0.12	0.0	0.0	0.5	0.5	hit3	0.5
326	0.5	0.0	0.0	1	0	0	0	0	simple	0	6	400,401,402,403,404,405	0.12,0.12,0.12,0.12,0.12,0.12	0.0	1.0	0.0	1.0	hit5	1.0
327	0.5	0.0	0.0	1	0	0	0	0	simple	0	6	400,401,402,403,404,405	0.12,0.12,0.12,0.12,0.12,0.12	0.0	0.0	1.0	1.0	hit3	1.0
328	0.5	0.0	0.0	1	0	0	0	0	simple	0	6	400,401,402,403,404,405	0.12,0.12,0.12,0.12,0.12,0.12	0.0	4.0	0.0	4.0	hit5	4.0
329	0.5	0.0	0.0	1	0	0	0	0	simple	0	6	400,401,402,403,404,405	0.12,0.12,0.12,0.12,0.12,0.12	0.0	0.0	4.0	4.0	hit3	4.0
330	0.5	0.0	0.0	1	0	0	0	0	simple	0	6	400,401,402,403,404,405	0.6,0.6,0.6,0.6,0.6,0.6	0.0	0.0	0.0	0.0	trafficjam	0.0
331	0.5	0.0	0.0	1	0	0	0	0	simple	0	6	400,401,402,403,404,405	0.6,0.6,0.6,0.6,0.6,0.6	0.01	0.01	0.0	0.0	simple	0.01
332	0.5	0.0	0.0	1	0	0	0	0	simple	0	6	400,401,402,403,404,405	0.6,0.6,0.6,0.6,0.6,0.6	0.02	0.02	0.0	0.0	simple	0.02
333	0.5	0.0	0.0	1	0	0	0	0	simple	0	6	400,401,402,403,404,405	0.6,0.6,0.6,0.6,0.6,0.6	0.0	0.02	0.0	0.02	hit5	0.02
334	0.5	0.0	0.0	1	0	0	0	0	simple	0	6	400,401,402,403,404,405	0.6,0.6,0.6,0.6,0.6,0.6	0.0	0.0	0.02	0.02	hit3	0.02
335	0.5	0.0	0.0	1	0	0	0	0	simple	0	6	400,401,402,403,404,405	0.6,0.6,0.6,0.6,0.6,0.6	0.05	0.05	0.0	0.0	simple	0.05
336	0.5	0.0	0.0	1	0	0	0	0	simple	0	6	400,401,402,403,404,405	0.6,0.6,0.6,0.6,0.6,0.6	0.1	0.1	0.0	0.0	simple	0.1
337	0.5	0.0	0.0	1	0	0	0	0	simple	0	6	400,401,402,403,404,405	0.6,0.6,0.6,0.6,0.6,0.6	0.0	0.1	0.0	0.1	hit5	0.1
338	0.5	0.0	0.0	1	0	0	0	0	simple	0	6	400,401,402,403,404,405	0.6,0.6,0.6,0.6,0.6,0.6	0.0	0.0	0.1	0.1	hit3	0.1
339	0.5	0.0	0.0	1	0	0	0	0	simple	0	6	400,401,402,403,404,405	0.6,0.6,0.6,0.6,0.6,0.6	0.0	0.5	0.0	0.5	hit5	0.5
340	0.5	0.0	0.0	1	0	0	0	0	simple	0	6	400,401,402,403,404,405	0.6,0.6,0.6,0.6,0.6,0.6	0.0	0.0	0.5	0.5	hit3	0.5
341	0.5	0.0	0.0	1	0	0	0	0	simple	0	6	400,401,402,403,404,405	0.6,0.6,0.6,0.6,0.6,0.6	0.0	1.0	0.0	1.0	hit5	1.0
342	0.5	0.0	0.0	1	0	0	0	0	simple	0	6	400,401,402,403,404,405	0.6,0.6,0.6,0.6,0.6,0.6	0.0	0.0	1.0	1.0	hit3	1.0
343	0.5	0.0	0.0	1	0	0	0	0	simple	0	6	400,401,402,403,404,405	0.6,0.6,0.6,0.6,0.6,0.6	0.0	4.0	0.0	4.0	hit5	4.0
344	0.5	0.0	0.0	1	0	0	0	0	simple	0	6	400,401,402,403,404,405	0.6,0.6,0.6,0.6,0.6,0.6	0.0	0.0	4.0	4.0	hit3	4.0
345	0.5	0.0	0.0	1	0	0	0	0	simple	0	6	400,401,402,403,404,405	3.0,3.0,3.0,3.0,3.0,3.0	0.0	0.0	0.0	0.0	trafficjam	0.0
346	0.5	0.0	0.0	1	0	0	0	0	simple	0	6	400,401,402,403,404,405	3.0,3.0,3.0,3.0,3.0,3.0	0.01	0.01	0.0	0.0	simple	0.01
347	0.5	0.0	0.0	1	0	0	0	0	simple	0	6	400,401,402,403,404,405	3.0,3.0,3.0,3.0,3.0,3.0	0.02	0.02	0.0	0.0	simple	0.02
348	0.5	0.0	0.0	1	0	0	0	0	simple	0	6	400,401,402,403,404,405	3.0,3.0,3.0,3.0,3.0,3.0	0.0	0.02	0.0	0.02	hit5	0.02
349	0.5	0.0	0.0	1	0	0	0	0	simple	0	6	400,401,402,403,404,405	3.0,3.0,3.0,3.0,3.0,3.0	0.0	0.0	0.02	0.02	hit3	0.02
350	0.5	0.0	0.0	1	0	0	0	0	simple	0	6	400,401,402,403,404,405	3.0,3.0,3.0,3.0,3.0,3.0	0.05	0.05	0.0	0.0	simple	0.05
351	0.5	0.0	0.0	1	0	0	0	0	simple	0	6	400,401,402,403,404,405	3.0,3.0,3.0,3.0,3.0,3.0	0.1	0.1	0.0	0.0	simple	0.1
352	0.5	0.0	0.0	1	0	0	0	0	simple	0	6	400,401,402,403,404,405	3.0,3.0,3.0,3.0,3.0,3.0	0.0	0.1	0.0	0.1	hit5	0.1
353	0.5	0.0	0.0	1	0	0	0	0	simple	0	6	400,401,402,403,404,405	3.0,3.0,3.0,3.0,3.0,3.0	0.0	0.0	0.1	0.1	hit3	0.1
354	0.5	0.0	0.0	1	0	0	0	0	simple	0	6	400,401,402,403,404,405	3.0,3.0,3.0,3.0,3.0,3.0	0.0	0.5	0.0	0.5	hit5	0.5
355	0.5	0.0	0.0	1	0	0	0	0	simple	0	6	400,401,402,403,404,405	3.0,3.0,3.0,3.0,3.0,3.0	0.0	0.0	0.5	0.5	hit3	0.5
356	0.5	0.0	0.0	1	0	0	0	0	simple	0	6	400,401,402,403,404,405	3.0,3.0,3.0,3.0,3.0,3.0	0.0	1.0	0.0	1.0	hit5	1.0
357	0.5	0.0	0.0	1	0	0	0	0	simple	0	6	400,401,402,403,404,405	3.0,3.0,3.0,3.0,3.0,3.0	0.0	0.0	1.0	1.0	hit3	1.0
358	0.5	0.0	0.0	1	0	0	0	0	simple	0	6	400,401,402,403,404,405	3.0,3.0,3.0,3.0,3.0,3.0	0.0	4.0	0.0	4.0	hit5	4.0
359	0.5	0.0	0.0	1	0	0	0	0	simple	0	6	400,401,402,403,404,405	3.0,3.0,3.0,3.0,3.0,3.0	0.0	0.0	4.0	4.0	hit3	4.0
360	1.0	0.0	0.0	1	0	0	0	0	simple	0	6	400,401,402,403,404,405	0.12,0.12,0.12,0.12,0.12,0.12	0.0	0.0	0.0	0.0	trafficjam	0.0
361	1.0	0.0	0.0	1	0	0	0	0	simple	0	6	400,401,402,403,404,405	0.12,0.12,0.12,0.12,0.12,0.12	0.01	0.01	0.0	0.0	simple	0.01
362	1.0	0.0	0.0	1	0	0	0	0	simple	0	6	400,401,402,403,404,405	0.12,0.12,0.12,0.12,0.12,0.12	0.02	0.02	0.0	0.0	simple	0.02
363	1.0	0.0	0.0	1	0	0	0	0	simple	0	6	400,401,402,403,404,405	0.12,0.12,0.12,0.12,0.12,0.12	0.0	0.02	0.0	0.02	hit5	0.02
364	1.0	0.0	0.0	1	0	0	0	0	simple	0	6	400,401,402,403,404,405	0.12,0.12,0.12,0.12,0.12,0.12	0.0	0.0	0.02	0.02	hit3	0.02
365	1.0	0.0	0.0	1	0	0	0	0	simple	0	6	400,401,402,403,404,405	0.12,0.12,0.12,0.12,0.12,0.12	0.05	0.05	0.0	0.0	simple	0.05
366	1.0	0.0	0.0	1	0	0	0	0	simple	0	6	400,401,402,403,404,405	0.12,0.12,0.12,0.12,0.12,0.12	0.1	0.1	0.0	0.0	simple	0.1
367	1.0	0.0	0.0	1	0	0	0	0	simple	0	6	400,401,402,403,404,405	0.12,0.12,0.12,0.12,0.12,0.12	0.0	0.1	0.0	0.1	hit5	0.1
368	1.0	0.0	0.0	1	0	0	0	0	simple	0	6	400,401,402,403,404,405	0.12,0.12,0.12,0.12,0.12,0.12	0.0	0.0	0.1	0.1	hit3	0.1
369	1.0	0.0	0.0	1	0	0	0	0	simple	0	6	400,401,402,403,404,405	0.12,0.12,0.12,0.12,0.12,0.12	0.0	0.5	0.0	0.5	hit5	0.5
370	1.0	0.0	0.0	1	0	0	0	0	simple	0	6	400,401,402,403,404,405	0.12,0.12,0.12,0.12,0.12,0.12	0.0	0.0	0.5	0.5	hit3	0.5
371	1.0	0.0	0.0	1	0	0	0	0	simple	0	6	400,401,402,403,404,405	0.12,0.12,0.12,0.12,0.12,0.12	0.0	1.0	0.0	1.0	hit5	1.0
372	1.0	0.0	0.0	1	0	0	0	0	simple	0	6	400,401,402,403,404,405	0.12,0.12,0.12,0.12,0.12,0.12	0.0	0.0	1.0	1.0	hit3	1.0
373	1.0	0.0	0.0	1	0	0	0	0	simple	0	6	400,401,402,403,404,405	0.12,0.12,0.12,0.12,0.12,0.12	0.0	4.0	0.0	4.0	hit5	4.0
374	1.0	0.0	0.0	1	0	0	0	0	simple	0	6	400,401,402,403,404,405	0.12,0.12,0.12,0.12,0.12,0.12	0.0	0.0	4.0	4.0	hit3	4.0
375	1.0	0.0	0.0	1	0	0	0	0	simple	0	6	400,401,402,403,404,405	0.6,0.6,0.6,0.6,0.6,0.6	0.0	0.0	0.0	0.0	trafficjam	0.0
376	1.0	0.0	0.0	1	0	0	0	0	simple	0	6	400,401,402,403,404,405	0.6,0.6,0.6,0.6,0.6,0.6	0.01	0.01	0.0	0.0	simple	0.01
377	1.0	0.0	0.0	1	0	0	0	0	simple	0	6	400,401,402,403,404,405	0.6,0.6,0.6,0.6,0.6,0.6	0.02	0.02	0.0	0.0	simple	0.02
378	1.0	0.0	0.0	1	0	0	0	0	simple	0	6	400,401,402,403,404,405	0.6,0.6,0.6,0.6,0.6,0.6	0.0	0.02	0.0	0.02	hit5	0.02
379	1.0	0.0	0.0	1	0	0	0	0	simple	0	6	400,401,402,403,404,405	0.6,0.6,0.6,0.6,0.6,0.6	0.0	0.0	0.02	0.02	hit3	0.02
380	1.0	0.0	0.0	1	0	0	0	0	simple	0	6	400,401,402,403,404,405	0.6,0.6,0.6,0.6,0.6,0.6	0.05	0.05	0.0	0.0	simple	0.05
381	1.0	0.0	0.0	1	0	0	0	0	simple	0	6	400,401,402,403,404,405	0.6,0.6,0.6,0.6,0.6,0.6	0.1	0.1	0.0	0.0	simple	0.1
382	1.0	0.0	0.0	1	0	0	0	0	simple	0	6	400,401,402,403,404,405	0.6,0.6,0.6,0.6,0.6,0.6	0.0	0.1	0.0	0.1	hit5	0.1
383	1.0	0.0	0.0	1	0	0	0	0	simple	0	6	400,401,402,403,404,405	0.6,0.6,0.6,0.6,0.6,0.6	0.0	0.0	0.1	0.1	hit3	0.1
384	1.0	0.0	0.0	1	0	0	0	0	simple	0	6	400,401,402,403,404,405	0.6,0.6,0.6,0.6,0.6,0.6	0.0	0.5	0.0	0.5	hit5	0.5
385	1.0	0.0	0.0	1	0	0	0	0	simple	0	6	400,401,402,403,404,405	0.6,0.6,0.6,0.6,0.6,0.6	0.0	0.0	0.5	0.5	hit3	0.5
386	1.0	0.0	0.0	1	0	0	0	0	simple	0	6	400,401,402,403,404,405	0.6,0.6,0.6,0.6,0.6,0.6	0.0	1.0	0.0	1.0	hit5	1.0
387	1.0	0.0	0.0	1	0	0	0	0	simple	0	6	400,401,402,403,404,405	0.6,0.6,0.6,0.6,0.6,0.6	0.0	0.0	1.0	1.0	hit3	1.0
388	1.0	0.0	0.0	1	0	0	0	0	simple	0	6	400,401,402,403,404,405	0.6,0.6,0.6,0.6,0.6,0.6	0.0	4.0	0.0	4.0	hit5	4.0
389	1.0	0.0	0.0	1	0	0	0	0	simple	0	6	400,401,402,403,404,405	0.6,0.6,0.6,0.6,0.6,0.6	0.0	0.0	4.0	4.0	hit3	4.0
390	1.0	0.0	0.0	1	0	0	0	0	simple	0	6	400,401,402,403,404,405	3.0,3.0,3.0,3.0,3.0,3.0	0.0	0.0	0.0	0.0	trafficjam	0.0
391	1.0	0.0	0.0	1	0	0	0	0	simple	0	6	400,401,402,403,404,405	3.0,3.0,3.0,3.0,3.0,3.0	0.01	0.01	0.0	0.0	simple	0.01
392	1.0	0.0	0.0	1	0	0	0	0	simple	0	6	400,401,402,403,404,405	3.0,3.0,3.0,3.0,3.0,3.0	0.02	0.02	0.0	0.0	simple	0.02
393	1.0	0.0	0.0	1	0	0	0	0	simple	0	6	400,401,402,403,404,405	3.0,3.0,3.0,3.0,3.0,3.0	0.0	0.02	0.0	0.02	hit5	0.02
394	1.0	0.0	0.0	1	0	0	0	0	simple	0	6	400,401,402,403,404,405	3.0,3.0,3.0,3.0,3.0,3.0	0.0	0.0	0.02	0.02	hit3	0.02
395	1.0	0.0	0.0	1	0	0	0	0	simple	0	6	400,401,402,403,404,405	3.0,3.0,3.0,3.0,3.0,3.0	0.05	0.05	0.0	0.0	simple	0.05
396	1.0	0.0	0.0	1	0	0	0	0	simple	0	6	400,401,402,403,404,405	3.0,3.0,3.0,3.0,3.0,3.0	0.1	0.1	0.0	0.0	simple	0.1
397	1.0	0.0	0.0	1	0	0	0	0	simple	0	6	400,401,402,403,404,405	3.0,3.0,3.0,3.0,3.0,3.0	0.0	0.1	0.0	0.1	hit5	0.1
398	1.0	0.0	0.0	1	0	0	0	0	simple	0	6	400,401,402,403,404,405	3.0,3.0,3.0,3.0,3.0,3.0	0.0	0.0	0.1	0.1	hit3	0.1
399	1.0	0.0	0.0	1	0	0	0	0	simple	0	6	400,401,402,403,404,405	3.0,3.0,3.0,3.0,3.0,3.0	0.0	0.5	0.0	0.5	hit5	0.5
400	1.0	0.0	0.0	1	0	0	0	0	simple	0	6	400,401,402,403,404,405	3.0,3.0,3.0,3.0,3.0,3.0	0.0	0.0	0.5	0.5	hit3	0.5
401	1.0	0.0	0.0	1	0	0	0	0	simple	0	6	400,401,402,403,404,405	3.0,3.0,3.0,3.0,3.0,3.0	0.0	1.0	0.0	1.0	hit5	1.0
402	1.0	0.0	0.0	1	0	0	0	0	simple	0	6	400,401,402,403,404,405	3.0,3.0,3.0,3.0,3.0,3.0	0.0	0.0	1.0	1.0	hit3	1.0
403	1.0	0.0	0.0	1	0	0	0	0	simple	0	6	400,401,402,403,404,405	3.0,3.0,3.0,3.0,3.0,3.0	0.0	4.0	0.0	4.0	hit5	4.0
404	1.0	0.0	0.0	1	0	0	0	0	simple	0	6	400,401,402,403,404,405	3.0,3.0,3.0,3.0,3.0,3.0	0.0	0.0	4.0	4.0	hit3	4.0
